Index	Type	Project name	Project description
1	Electrical	Smart load center	Circuit breaker panels in commercial and residential buildings generally only protect the branch circuitry. The existing panel schedules, that identifies what each breaker does, are uninformative and are rarely updated when additions are made. But they could be so much more. Our system will add load monitoring, an HMI, breaker status indicators, and a programmable panel schedule to modernize the electrical panel. It will use a combination of C++ and Python for interfacing between a Raspberry Pi and Arduino breaker modules. It will be able to store this data for up to a year, allowing electrical designers to quickly and cheaply determine the maximum loading of the panel. There will be an additional short term data storage for fault conditions, giving maintenance personnel the tools to quickly diagnose fault issues
2	Electrical	Multi effects signal processor and guitar amp modeller	An all-in-one device designed for guitarists and bassists to shape and manipulate their instrument’s tone. These processors implement digital signal processing techniques to replicate many popular effects, allowing musicians to recreate the sound of various amplifiers, speaker cabinets, and effects pedals within a single unit. A Guitarist will be able to easily configure the path the signal takes as it passes through various effects, amp models, and other processing blocks—allowing for maximum customizability of their setup
3	Electrical	Enhancing social robots for pediatric anxiety support	Recent research has shown that social robots could be an effective tool for helping children with anxiety. In collaboration with BC Children’s hospital, we will develop and integrate new features into existing social robots that will allow them to take this on role. We will start with the Miro-E robot made by Consequential Robotics. Some functionalities we plan to implement include an interactive, daily checklist with yes/no options and scoring to help children manage their daily activities; a feature that reads audiobooks with synchronized body movements, creating an engaging and comforting experience; the ability to play soothing or cheerful songs to uplift and calm children; interactive games designed to offer a fun and distraction-free way to manage anxiety; step-by-step breathing exercises led by the robot to assist children in practicing relaxation techniques
4	Electrical	Streetlight monitoring system	Street lighting plays a crucial role in improving road safety, public security, and elevating the overall quality of life for citizens. Our streetlight monitoring system continuously tracks the operational status of streetlights, identifying any functionality issues. Additionally, it streamlines maintenance by providing technicians with optimized routes to streetlights in need of attention. Our plan is to develop a scaled down proof-of-concept low voltage prototype, built with C++, databases, photocell sensors, and a central control system connected to a LoRa communication network. We aim to upgrade legacy streetlights, providing an alternative to complete infrastructure overhauls for smart lighting, allowing municipalities to save both time and money. When fully developed, the system will ensure reliable operation of street lighting systems, benefiting both pedestrians and drivers throughout the city
5	Electrical	smart street lighting	Current street lighting is inefficient, costly to maintain, and unable to adapt to changing weather conditions. Our proposed Smart Street Lighting system is designed to enhance streetlights’ safety, efficiency, and reliability by integrating three innovative features: Weather Sensitivity, Dynamic Color and Temperature Shifting, and Real-Time Fault Detection. The system’s Weather Sensitivity uses bi-color or tunable white LEDs that adjust brightness and color temperature based on real-time weather conditions, such as fog or rain. This feature will ensure that there is peak visibility during adverse climate conditions. Additionally, the Dynamic Color and Temperature Shifting feature shifts the lighting from cool white during nighttime to warm tones at dawn and dusk to improve comfort and reduce glare. To enhance reliability, the system will incorporate Real-Time Fault Detection, which continuously monitors the health of the system components and automatically adjusts nearby lights to maintain consistent illumination. The development of this system will integrate the MSP432 microcontroller in conjunction with weather APIs to adjust LED brightness and color. Control algorithms programmed in C++ will maintain system performance by detecting failures. By integrating these technologies, our solution aims to provide a comprehensive, cost- effective, and sustainable approach to urban street lighting
6	Electrical	IND-E - BCIT indy car electric conversion - controls	As BCIT’s first cross-disciplinary capstone team working to electrify a classic Indycar, the Controls System group is focused on developing a reliable, safe, and modular control system, which will make the motor and wheels spin. We’ll be achieving this by splitting this year into two phases: Phase A involves using a loaned Curtis Motor Controller Unit to establish the overall system and design the controller. Phase B will focus on creating a basic controller prototype and integrate it with the existing system. The controller will include: a high-power inverter for the 144V system, Texas Instruments’ microcontroller to implement Field Oriented Control on our Brushless DC Motor, communication channels through CAN bus and UART, and ability to interface through MATLAB
7	Electrical	IND-E - BCIT indy car electric conversion - power	The goal of the IndE Power group is to design and implement a power management system. Our primary focus will be on developing safe and reliable power delivery and battery management systems. This project is expected to span multiple years, so we aim to design a power delivery system that is compatible with future upgrades and easily repaired. To achieve these goals, we will be creating detailed wiring diagrams and schematics for future teams to review. We will install a third party BMS as a proof of concept and to ensure safe and reliable power for the other teams, after which we will begin developing our own, custom BMS. Safety and reliability are our top priorities, and we will create a detailed safety plan that serves both our team and future teams involved in the IndE Project. We will make our design as modular as possible to facilitate repairs and to promote sustainable electric car design
8	Electrical	Smart glasses	Smart glasses that can project images onto the actual lenses as well as retain other smartglass features such as audio and voice commands. Buttons and dials will be used to control which images are displayed with the possibility of hand gestures being used as well. AR features such as anchoring digital elements is also a consideration
9	Electrical	Digital twin motor control	(self explanatory)
10	Electrical	Wind turbine charge controller	(self explanatory)
11	Electrical	FishCens CV based fish data acquisition system - Version 2	(self explanatory)
12	Electrical	Full body activity tracker (silhouette sync)	(self explanatory)
13	Electrical	Transformer load distribution optimization	(self explanatory)
14	Electrical	Accessible electric vehicle charging stations	(self explanatory)
15	Electrical	Self-clearing solar panels	(self explanatory)
16	Electrical	Soil monitoring system (soil monitoring Pro)	(self explanatory)
17	Electrical	YVR Environmental Monitoring System – Phase 2 – Communication & Power Management	The YVR environmental monitoring system’s purpose is to monitor the quantity of water in the drainage channels around YVR Airport and Sea Island. The monitoring capabilities being added in Phase 2 of this project are water flows/velocities, water levels, CO2 levels, and CH4 levels. The data from all the sensors will be packaged on the local microprocessor and sent to surrounding cellular towers on licenced spectrum via NB-IoT to minimize power usage, maximize range, and assure security of transmissions. The Communication and Power Management team will focus on packaging the data from the sensors, transmitting it via NB-IoT to Amazon Web Services servers, and then optimizing all systems for maximum battery run-time and/or solar panel auxiliary power integration
18	Electrical	Public safety broadband network	The PSBN was founded as a way for first responders and emergency services to be able to communicate with one another quickly and securely. Our goal as a capstone team is to continue this effort in collaboration with BC Hydro by utilizing the existing LTE network infrastructure and an open-source software called open 5gs. Our project would allow communication with one another possible even under high network usage or limited network usage situations. We would configure various base station modules and an NB-IoT module to make this possible
19	Electrical	Searchlight scanner - version 2	We are continuing the development of Searchlight Scanner, the aerial imaging system to support search and rescue operations. The system will use a Gopro Camera that is attached to a helicopter and captures images where image processing techniques are used to identify missing people that the naked human eye may miss. Improvements will be made to the current prototype where hardware and software will be improved or replaced for better performance. If time permits, there will be additional features that will be added like attaching the Searchlight Scanner to a drone as an alternative option. This system will allow search-and-rescue teams to locate missing personnel faster to provide them with life-saving services
20	Electrical	Biomass fuel monitoring system	Biomass boiler systems which currently used in industrial applications such as agriculture, have little to no monitoring of fuel quality. Variability in the fuel quality leads to a reduction of overall system efficiency, and an increase in pollution, as the biomass (woodchips) is burned inefficiently. The goal of our project is to supply boiler operators with more information regarding the quality of the fuel being supplied, enabling them to adjust the boilers before the negative effects are realized. Using industrial sensors, we will capture moisture content, density, and feed rate in real-time, and allow the operators to minimize waste, reduce pollution, and maximize efficiency
21	Electrical	Remote hydrophone system	The Remote Hydrophone System will allow for off grid collection and processing of whale sounds. The project will be built with features for general listening, research, and law enforcement regarding our world underwater mammals. These features will be accomplished by utilizing solar, battery, and cellular network technologies to allow the system to remain off grid for extended periods. Cloud based servers will be used to allow for the remote listening as well as for any data manipulation or computations a third party may need
22	Electrical	FishLabm CV based fish data acquisition system	Current electronic methods of counting fish as they swim up tributaries and creeks are disruptive, expensive, and create instabilities in the environment in which they are deployed. This product is designed to be a low-impact camera-based system which counts fish as they swim upstream. A power system may be developed to facilitate the ability for this product to be self-reliant and independent, which would allow for this product to be deployed in remote tributaries where human counting is difficult. Communication of the data will be investigated later on, and ideally implemented. Mostly, this project is designed to count fish; if R&D allows, identification of fish species may be possible.
23	Electrical	Unilateral bone conduction hearing aid frames	Hearing aids are currently designed for optimal usage in pairs. The number of microphones in both hearing aids optimizes the programming for sound location and sound isolation, and therefore accurate sound amplification. For those that have a unilateral hearing loss, the number of microphones is halved, limiting the ability for sound location, isolation, and resulting accuracy in sound amplification. Our project utilizes the structural framework of glasses to strategically place an array of microphones. The input from the microphones will be processed to identify sound location. The hope is that we can also integrate a user interface in which the user’s audiogram can be imported into the processor. The sound would then be re-processed for amplification based on the individual needs of the user. The final element of this project is to integrate bone conduction speakers into the frame of the glasses. Therefore, the glasses can interpret, process, and provide sound to the wearer to replace their hearing aid(s). By using bone conduction sound transmission rather than in the ear transmission, the user can experience more comfort in sound amplification, and the device is more universal. A user interface would allow the wearer to change sound settings through their phone, including switching to Bluetooth and enabling both speakers for listening to music, etc
24	Electrical	GPS bike locator	Due to the pandemic, there has been a large rise in new cyclists, which also leads to a rise in potential bike thefts. These thieves can target bikes even in places that seem the most secure. For our project, we will create a GPS bike locator able to be discreetly hidden on your bike so you can track it down using the accompanying app on your phone and have it safely returned should it be stolen. Current trackers are either too obvious, short-ranged, or costly. Our goal is to design a tracker focused on high range to reliably find the lost bike and to keep it simple and compact to keep costs low and allow it to be easily hidden on the bike.
25	Electrical	EMA YVR water monitoring system - Communication and power management	The EMA water monitoring station’s purpose is to monitor quality of water in channels that drain off the airport. Currently these measurements are being performed manually on a weekly basis. The proposed water monitoring station will collect various water parameters in an automated manor. The stations will enable high accuracy measurements and higher sampling rates reducing the labour and improving the quality of the data. The data is sent to the cloud and is combined with whether and tide data for data analytics. Our portion of the project is to evaluate and implement both LoraWAN and Cellular as possible communication technologies, then supply our recommendations
26	Electrical	Space capsule data acquisition system	Our industry sponsor, Bruno Geoffrion, is looking to jumpstart the Canadian Space industry by sending a capsule into space to capture video and sensor data from temperature, pressure, and orientation sensors. Our team will design the data acquisition system for this space capsule. This will include an embedded device to capture, process, and record data from cameras and sensors onto a storage device. An antenna system will also be designed to transmit the data from the capsule to the rocket. The main component groups will be sensors, cameras, an embedded device, and an antenna system
27	Electrical	Podiatric data acquisition sock	Podiatry is the branch of medicine focusing on the health of the foot, ankle, and leg. Our team is creating a data collection insole using accelerometers and an array of pressure sensors, and an accompanying application. This data can be worked with and visualized in the app and used by health professionals to diagnose and treat problems. The aim is to provide doctors, therapists, and other health professionals with real data that a patient generates over the course of a day instead of the often error-prone data that is traditionally collected in-office. The hardware will consist of a pressure sensor array that is inserted into a patient’s shoe, and a data collection device that reads from it and supports data storage and transmission functionality
28	Electrical	BCIT industrial network cyber security simulated factory	An integral component of BCIT’s Cybersecurity program labs is its simulated factory. The factory is essential to demonstrate the consequences of cyberattacks on the system and its processes. Currently, the factories in the lab are not programmed and do not function. Our team is a consulting firm contracted by BCIT to test and commission the factories. Several improvements will be implemented, such as: redesign of I/O and PLC panels, alarms, controls, and optimized programming and algorithms. Our work on the simulated factories will improve the overall learning experience of the students enrolled in the BCIT INCS program
29	Electrical	Optimizing transformer efficiency	This project is an applied research project which involves characterizing an actual distribution transformer under different loading conditions. The group will initially research transformer efficiency to then determine steps and design circuits needed to measure transformer characteristics and efficiency. A testing jig will then be developed to carry out testing procedures adhering to applicable standards and codes. The transformer will be subjected to industrial types of loads. Results of all tests will be presented to industry partners to produce guidelines for a new CSA standard and support amendments to the CEC
30	Electrical	SEARCH CAMS	We are creating an aerial imaging system to support search and rescue operations. The system will consist of two cameras mounted in a helicopter, on-board image processing, a wireless transmission system to send images to a field station, and a terminal to display the images in real-time. If time permits, we may expand the scope to include relaying the images to a third-party image recognition system currently used by Search and Rescue. The prototype will be designed for operation in the North Shore area. Using our system, search-and-rescue teams will be able to locate lost hikers faster and reach them in time to provide their life-saving services
31	Electrical	Multi sensor data acquisition and camera device for marine application	This data acquisition device (Undersea laboratory) is a self- contained unit consisting of sensors and cameras designed to operate for an indefinite period underwater. The main components are its multiple sensors (turbidity, temperature, salinity) and two cameras (IR and visible light ). Data and video will be streamed live to the internet via a tethered cable to shore. This connection will enable the cameras to be controlled in real-time by the user. The device can remain underwater for extended periods without the need for user intervention because it has a self-cleaning feature to address any bio- fouling. This cleaning feature is what sets this device apart from others that are currently available on the market. The idea behind the entire project is to incorporate multiple of these devices into a network where the aggregated data can be used to identify trends over a large geographic area
32	Electrical	Non intrusive blood sugar monitoring	To design a device that can quickly, painlessly measure the blood sugar level by measuring the impedance of the skin. This method would be non-intrusive, as it would not require collection of blood and at the same time it would give the results instantly
33	Electrical	Brain computer science	 Use a Brain Computer Interface (BCI) headset to receive raw electroencephalogram (EEG) data, and then apply signal processing techniques combined with machine learning to detect and interpret thought commands that control external outputs. The application will be used for human population with disabilities that require hands free assistance in their daily lives.
34	Electrical	Hearing diagnosis machine	The goal is to develop a portable and affordable hearing testing method to increase the ease of testing, as well as give a more detailed hearing analysis for people exposed to hazardous sound levels in their workplaces. The device will include bone conduction diagnostics tests to evaluate the integrity of the inner ear
35	Electrical	Electric mining vehicle infrastructure	The project will be to design charging infrastructure for an open pit mine to enable the use of electric mining trucks. The research will be based on the current diesel-powered haul trucks, and their operational data such as operating cycle data and diesel consumption, along with the existing mine site map to determine the most effective method to charge the vehicles with the least possible downtime. Project includes determining all charging components such as batteries, charging speed, charging schedule, and charging method
36	Electrical	Hydrophone cetacean monitor	 The device will record undersea sounds. The recording will then be analyzed to catalog the various sounds recorded. We will quantify the sub- sea noise pollution levels as well as detect acoustic signatures for whales and other sea life. The processed audio will be transmitted in real-time online (internet radio station) as well as be recorded for further analysis.
37	Electrical	BC hydro autonomous drone	The drone will inspect BC Hydro’s underground vaults. These vaults containing high voltage cable splices are considered confined spaces and are considered as a safety hazard area. This project had prior progress with an operable drone with cameras and sensors, flight control system, and inertial position tracking system. The design and implementation require creating a reliable and robust positioning system, setting up a high-quality video feed, planning a safe recovery method, adding an HMI user interface for operator control, and securing the drone with EMI field protection
38	Electrical	Asset tracking system	An RFID tracking solution that can be stored in a portable case. The system will be able to sync with a master database that is held on a central server. This master database needs to be designed to allow for multiple computers to access simultaneously, have online/offline syncing capability and be able to import data from other databases such as employee numbers and asset numbers. The system will require power to function on its own for periods of time before being connected to a power system. The end system should incorporate RFID technology as the main way to track assets but also have barcode and manual entry
39	Electrical	Power supply	The project involves developing a power supply for small form factor ITX PCs. This power supply is more than just a simple AC to DC converter. The supply requires careful design so it can be efficient and meet safety standards. The power supply must be able to perform for higher end PCs that contain powerful CPUs and graphic cards. In addition, it will need to handle these loads for long periods of time while maintaining safe operating temperatures
40	Mechanical	Analysis and design of all wheel drive differential suitable for BAJA or similar	(self explanatory)
41	Mechanical	Design and build a hydraulic ram pump	(self explanatory)
42	Mechanical	Submersible remotely operated vehicle (ROV)	(self explanatory)
43	Mechanical	IND-E battery - design and development of a battery systems integration for an electric conversion race car	(self explanatory)
44	Mechanical	IND-E chassis - design and development for powertrain integration in an electric conversion race car	(self explanatory)
45	Mechanical	Turboprop gearbox analysis and design	(self explanatory)
46	Mechanical	Design and development of an electronically controlled continuously variable transmission (ECVT) for BAJA SAE competition vehicle	(self explanatory)
47	Mechanical	Design and build smart cushioning system for patients confined to a bed wheelchair	(self explanatory)
48	Mechanical	Design and develop an aviation fuel transport device	(self explanatory)
49	Mechanical	Design and build a 2D laminar flow visualization table	(self explanatory)
50	Mechanical	Vibration theory and simulation toolbox	(self explanatory)
51	Mechanical	Plant growth chamber	(self explanatory)
52	Mechanical	Shaft based 4WD system for BAJA SAE competition vehicle	(self explanatory)
53	Mechanical	Coefficient of thermal expansion measurement system - test stand	(self explanatory)
54	Mechanical	Rear suspension system for a BAJA SAE competition car	(self explanatory)
55	Mechanical	Vertical axis wind turbine	(self explanatory)
56	Mechanical	Water jet drone for fire fighting	(self explanatory)
57	Mechanical	6DOF robot arm 3D printer	(self explanatory)
58	Mechanical	Large format 3D printer frame and drive systems	(self explanatory)
59	Mechanical	Submersible remotely operated vehicle (ROV)	The project objective is to design and build a battery powered, compact, remotely-operated submersible vehicle. The design must incorporate multi-axis movement via user- input with rotating camera feedback and be versatile to incorporate mission specific tasks, such as retrieving submerged objects or conducting underwater inspection, with modularity between each task
60	Mechanical	CNC router	The project objective is to design and build a CNC router for domestic and light commercial use. The design goal is to improve on current system precision with feedback control, at a fraction of the cost of similar commercially available devices. The scope of the project involves the electrical and mechanical design, control system design, hardware specification and design, software, manufacturing and assembly of all components, and testing.
61	Mechanical	Rim driven marine propulsion motor	The project involves the design and build a brushless direct- current (BLDC) motors motor with rim driven, contra- rotating propellers for marine craft propulsion. The development will include the configuration of a motor controller which will be used to operate the motor. The assembly of a shaft driven BLDC motor will be used as a tool for benchmarking and to provide insight for electric motor design
62	Mechanical	3D printer filament dehydrator	The project objective is to design, manufacture and test a 3D printer filament dehydrator. The solution will include dehumidifying with humidity monitoring, protection of the filament from the exterior environment during long term storage and allow direct feeding into the printer without interruption. A regenerating desiccant system will be the primary method of conditioning the filament for an optimal print quality
63	Mechanical	Domestic vertical NFT hydroponic system	Design and build an affordable, medium size Nutrient Film Technique (NFT) hydroponic system prototype for growing plants at accelerated growth rates without soil and with 90% more efficient use of water. The project team will to use commercially available sensors to monitor parameters such as humidity, temperature, PH, and nutrient levels. The prototype will be used to optimize system performance
64	Mechanical	In home EBB and flow hydroponic system	Design, build and test a concept prototype of a consumer ebb and flow hydroponic growth system to allow users the accelerated growth of a variety of plants in a localised, space-efficient way. The final design shall be a cost- effective home growth apparatus that monitors pH and temperature with three to four condition zones. The user will control lighting and flood cycles to maximize produce yield.
65	Mechanical	Sit ski suspension system	Design and build a new suspension system for the Hall sit ski to be used by beginner sit skiers in the Vancouver Adaptive Snow Sports program. The new design aims at improving shock absorption, as well as providing improved chairlift loading functionality, which requires for the skier to be elevated above the riding height, followed by an automatically reset back to the riding height upon contact with the chairlift. An off-the-shelf shock-spring system will be used
66	Mechanical	Corexy 3D printer	The project takes on the challenge of improving an already existing 3D printer prototype which was developed by a previous capstone project team. The project will advance the prototype to final design while improving reliability and adding features such as an updated electronics housing, heated chamber and 300mm/s print speed. Calibration and commissioning of the final design is included in the project scope
67	Mechanical	Flow velocity system	Design and build a flow measuring system to monitor fluid discharge rates in the outflow channels on Sea Island (YVR airport ). The system must be capable to operate for extended periods of time without the need for maintenance, and should not be impacted by environmental factors such as tides, storm surges, debris, and temperature change. The flow system must integrate into the existing environmental monitoring station
68	Mechanical	Gear change trigger system for bicycle gearboxes	(self explanatory)
69	Mechanical	Wood hydroforming system	(self explanatory)
70	Mechanical	Manufacturing and integration of an electric foil board	(self explanatory)
71	Mechanical	Real time wheelchair seating actuation	(self explanatory)
72	Mechanical	Modeling of a series elastic wheelchair actuator	(self explanatory)
73	Mechanical	Energy balance measurement of an air handling unit	(self explanatory)
74	Mechanical	3D printer design and development	(self explanatory)
75	Mechanical	Automatic municipal waste container	(self explanatory)
76	Mechanical	Field cutting device for piles	(self explanatory)
77	Mechanical	Remote manufacturing of a patient simulator	(self explanatory)
78	Mechanical	Analysis and modeling of a stack demolition via hinge method	(self explanatory)
79	Mechanical	3D printer integrated extruder system	(self explanatory)
80	Mechanical	Consumer CNC machine	(self explanatory)
81	Mechanical	Charge capacity trailer for an electric vehicle	(self explanatory)
82	Mechanical	Data acquisition (DAQ) system for a BAJA car	(self explanatory)
83	Mechanical	Post consumer plastics identification and recycling	(self explanatory)
84	Mechanical	Pneumatic mechanical battery	(self explanatory)
85	Mechanical	Magnetic coupling for an electric foil board	(self explanatory)
86	System Design	Anchor	With an average of 75,000 reported bike thefts annually, 80% occur on university campuses and in commercial business parks. Anchor is a smart bike locking rack that aims to provide a locking solution at a fraction of the cost of state-of-the-art locking solutions and prevent the most common thefts for bikes locked by chain and cable locks. Using industry grade steel, modern NFC technology, and sensor data, Anchor provides a convenient and reliable bike locking experience for both users and is easy for property owners to adopt.
87	System Design	TrueSight	The rise of Generative AI has made it difficult to distinguish authentic images from fake ones. This led to a drop in media trust by almost 40% in recent years. Journalists were challenged to share real stories. TrueSight is a camera system that uses depth sensing and digital signatures to prove the captured images are real. Adopting this system will help rebuild trust in media, prevent fake images from spreading, and support journalists in sharing genuine events with confidence.
88	System Design	Simflection	Simflection aims to reduce online shopping size discrepancies and inform better purchase decisions for customers, ultimately reducing return rates. This is achieved through accurate sizing recommendations and virtual try-ons across brands, using 3D avatar generation, clothing digitization, and simulation. 3D avatars are generated using photogrammetry methods from a smartphone video, and clothing catalogs are converted into 3D assets using deep learning techniques on existing website images. This creates an inferred sizing profile and animated try-ons that simulate fabric stretch.
89	System Design	CareZone	Six in ten people living with dementia will wander at least once. CareZone is a wearable device designed for persons with dementia (PWDs) that utilizes GPS tracking and an adaptable notification system to enable real-time location tracking and dynamic geofencing alerts. Caregivers receive instant alerts if their loved one leaves a designated safe area, allowing for timely intervention and promoting autonomy without compromising safety. 5/7/2
90	System Design	Speech Buds	Speech Buds is a tool designed to make at-home speech therapy practice more engaging for children with speech disorders using a tablet. Using audio processing and computer vision, the system provides unique, actionable feedback to improve pronunciation, all without requiring constant parental supervision. It also connects speech language pathologists with their patients, allowing them to track progress and assign personalized exercises. By gamifying the experience, Speech Buds ensures consistent, high-quality practice while keeping therapists involved in the child’s speech journey.
91	System Design	KeepCool	As record-breaking heat is rising globally, our project aims to prevent heat-related illnesses and heat strokes. KeepCool is a wearable device for outdoor workers in hot and humid conditions. It continuously monitors body temperature, environmental temperature, and the duration of heat exposure using thermistor technology. The device offers real-time haptic and visual alerts when a user's body temperature increases. It also activates an emergency thermoelectric cooling system when needed, helping to prevent heat-related illnesses and ensuring worker safety.
92	System Design	SpikeSafe	SpikeSafe is a wearable system designed to help volleyball athletes identify and reduce risky movement patterns contributing to ACL injuries. By analyzing data collected from IMUs worn on a compression leg sleeve, SpikeSafe provides post-session feedback through an iOS app, allowing athletes to recognize unsafe motions and make informed adjustments. With a focus on injury prevention and accessibility, SpikeSafe empowers athletes to build safer habits and train confidently while minimizing their risk of long-term setbacks.
93	System Design	Medrone	Out-of-hospital cardiac arrest is a life-threatening emergency, with survival rates falling to 10% due to delayed treatment. In rural Waterloo, emergency response times often exceed 17 minutes—far beyond the 6-minute standard. Medrone bridges this gap by autonomously delivering Automated External Defibrillators (AEDs) to rural communities via drone, reducing delays and improving survival chances. Our system ensures secure AED delivery, protection mechanisms, and scene intelligence for optimized landings. A communication system enables human intervention, providing a reliable response. Medrone – delivering life-saving care when every second counts
94	System Design	SWISH	SWISH is a wearable tool designed to help users, ranging from recreational players to varsity athletes, perfect their free throw shooting. We aim to help users understand their shooting form and provide actionable feedback to improve consistency, accuracy, and coordination. By combining computer vision with motion sensors, SWISH analyzes each shot and offers post-session feedback to refine the gather, set, and release, helping players develop a smoother and more reliable shooting motion.
95	System Design	Soundpass	Music teachers experience damaging levels of audio daily and don't have hearing protection options that allow them to communicate with students. Our goal is to design an IEM (In-Ear-Monitor) that prevents hearing loss for music teachers while also allowing them to communicate with students by audio passthrough. The IEM will gather audio data through on-ear microphones, mix it, and feed it back into the IEM while processing decibel level and audio dosage for users.
96	System Design	MDR superstars	Medical Device Reprocessing (MDR) is a hospital department that sterilizes medical tools for procedures such as surgery. Technicians in this department face difficulties assembling surgical trays due to thousands of different configurations. Our system leverages RFID technology to verify tools during the tray assembly process, including checking for lost or misplaced tools. This reduces cognitive load and errors for the technician learning and reduces delays in the operating room.
97	System Design	Round-a-doubt	Multi-lane roundabouts are becoming increasingly popular in North America, especially in the Waterloo Region. While they improve traffic flow and driver safety, they pose significant challenges for pedestrian safety. Our project designs and tests a novel pedestrian alert system using a high-fidelity driving simulator to study driver reactions in multi-lane roundabouts. Using this data, we created the Round-a-Doubt alert beacon prototype with automatic pedestrian detection to enhance driver awareness, and provide valuable insights for municipalities to improve roundabout safety.
98	System Design	Travelo	Cycling in Toronto should be safe, comfortable, and stress-free - but unpredictable road conditions create challenges. Travelo is a real-time navigation app tailored to cyclists’ needs, helping them to avoid hazards such as rough pavement, heavy traffic and poor weather. By leveraging smartphone accelerometers, gyroscopes, GPS, and real- time user feedback, Travelo optimizes routes for safety and comfort - not just speed. Unlike traditional maps, our solution prioritizes a smoother, safer ride for cyclists of all experience levels, making urban biking more accessible and enjoyable
99	System Design	Squirrel busters	Squirrel invasions significantly threaten gardens by damaging plants, particularly young ones, through chewing and digging. Squirrel Busters uses a safe and humane method to deter the Eastern Gray Squirrel, a common nuisance in Ontario. A water spray device was built to keep squirrels away from specific garden areas. This device uses machine learning and image recognition to identify and target squirrels while avoiding plants and people
100	System Design	VocaPal	VocoPal is a wearable device that assists patients with neurodegenerative speech disorders by analyzing key speech metrics like volume, pitch, and speed. It uses an Arduino microcontroller to capture audio, which is processed by a Flask-based Python microservice that extracts speech insights and transmits them to a React web app. The web app surfaces an interactive UI where patients and therapists can track progress, review data, and receive personalized feedback, bridging clinical sessions with real-world communication to enhance therapy outcomes and patient independence.
101	System Design	Thermalion	Thermalion is a heating system for Class 2 EVs in Canada that maintains lithium-ion battery temperatures above 5°C to prevent efficiency loss, damage, and thermal runaway in extreme cold (-40°C). The system attaches to the battery pack and consists of an alumina inner layer for heat conduction, a graphite-octadecene PCM central layer for thermal energy storage, and an outer PE-LLD layer for insulation. Thermalion heats batteries from -40°C to +5°C in 20 minutes, enhancing performance and promoting EV adoption in cold climates
102	System Design	RePose	Physiotherapy patients often struggle with adhering to prescribed exercises and maintaining proper form due to a lack of real-time feedback outside of infrequent in-clinic visits. RePose is an at-home physiotherapy companion designed to address this issue, focusing on patients recovering from knee injuries or replacement surgeries. By leveraging a patient’s smartphone for markerless pose analysis using computer vision and an automatic tracking camera system, RePose delivers real-time feedback while continuously monitoring rehabilitation progress, all within a user-friendly application
103	System Design	ReBraille	Children with visual impairments face challenges accessing interactive educational tools at home. Existing tactile devices are either too costly, too simplistic, or designed for specialized settings. ReBraille aims to develop an affordable, user-friendly tactile board that dynamically translates shapes and diagrams drawn on a tablet into tactile representations. This device fosters hands-on learning, enhances spatial awareness, and strengthens parent-child engagement. By integrating a cost-effective electromagnet and cam system, intuitive software, and accessible materials, ReBraille bridges the gap in at-home educational resources for visually impaired children.
104	System Design	NeuroMove	Neuromove is a gamified at-home physiotherapy tool for early-stage Parkinson’s patients, integrating cognitive and physical exercises to enhance motor function and engagement. By combining interactive challenges with real-time feedback, Neuromove encourages users to complete therapy exercises in an engaging and motivating way. The system adapts to individual progress, ensuring personalized difficulty levels that promote neuroplasticity and sustained participation. With an intuitive interface and data tracking, Neuromove empowers patients to take control of their physiotherapy journey from the comfort of their homes.
105	System Design	Tether	Tether is a smart security system that protects students' belongings in shared study spaces using a monitoring device and mobile app. The system consists of a security device equipped with a computer, proximity sensors, and a 360- degree camera. When theft is detected, the device captures real-time videos and transmits them to the user’s phone via Wi-Fi. The accompanying app allows users to configure security settings and receive real-time alerts. Tether offers a reliable, real-time theft prevention solution by seamlessly integrating hardware and software
106	System Design	Trailblazer	Trailblazer is a system that improves the search and rescue process of casual hikers in remote areas with no cell connection. Contrary to other solutions, Trailblazer uses a LoRaWAN relay network to allow search and rescue teams to passively monitor hiker locations at a lower cost. It offers an end-to-end system to ensure hikers are on track with a wearable device, trail checkpoint devices, and a web application to visualize data. Our solution also leverages solar power for ease of installation and operation.
107	Nanotechnology	Nano photovoltaic thermoelectric generator	Photovoltaic (PV) cells lose significant potential energy as heat, reducing conversion efficiency and shortening lifespan. In response to growing green initiatives, thermoelectric generators (TEG) are integrated to convert this waste heat from PV cells into electricity, enhancing overall efficiency. Built with extrinsically doped Bismuth Telluride thin films, the TEG improves PV cell performance by increasing energy output while effectively cooling the system. This combined approach extends the lifespan of PV cells and promotes the development of more sustainable and efficient energy solutions.
108	Nanotechnology	CuLater	CuLater is a sustainable and biodegradable water filtration solution that removes leached copper and other metals from tap water. Constructed from cellulose-based materials, it incorporates sustainable polymer fillers that facilitate the purging of filtered copper, allowing for reuse. Our innovations enhance the filter's longevity, increase efficacy, and decrease environmental impact—these features couple well with its easy-to-use design. By addressing long-term copper exposure, the CuLater filter will help reduce the risk of associated health issues, including damage to red blood cells and decreased fertility.
109	Nanotechnology	μicroDLS	Efficient real-time monitoring and control of nanoparticle synthesis in laboratories remains challenging, limiting advancements in pharmaceuticals and energy storage. Our solution, the μicroDLS, is a miniaturized characterization device that enables real-time particle size measurements during reactions by integrating dynamic light scattering (DLS) with a chip-based in-situ fluid flow system. It leverages lab-on-chip capabilities to streamline workflows and enables easy in-situ particle size measurements, reducing characterization time and complexity while providing deeper research insights.
110	Nanotechnology	Vivra	Chronic dehydration affects 75% of Americans, leading to fatigue, reduced cognitive function, and overall diminished well-being. Vivra, the smart water bottle, integrates volume and conductivity sensors to evaluate your hydration, informing consumption quantity and quality. Users can track real-time hydration metrics and gain insights into their drinking habits and water quality through an intuitive user interface. Vivra strives to combat chronic dehydration by empowering individuals with personalized hydration analytics, helping them build lasting hydration habits for better health and quality of life.
111	Nanotechnology	LacrimaVas - Microfluidic tear collection device	Tears are valuable fluids that can aid in monitoring and diagnosing diseases, as their collection is minimally invasive and can be used to monitor both ocular and systemic health. Yet, tears are overlooked due to limitations of current collection techniques. LacrimaVas seeks to provide an alternative method for collecting tear samples using microfluidic channels in hydrogel contact lenses filled via capillary flow and pressure from eye blinking. This will allow tears to be easily collected for clinical research and diagnostics
112	Nanotechnology	Helio Shield	The Helio Shield project enhances solar panel efficiency by addressing key problems such as light reflection, dust accumulation, and energy management. It integrates SiO₂-PDMS TiO₂-AuNP coatings for self-cleaning and improved light absorption, respectively. It also has solar tracking to optimize solar panel positioning and predictive maintenance. This approach reduces wasted opportunities for light collection and leverages AI to detect drops in performance. By combining nanotechnology and AI, HelioShield offers a scalable and effective solution to maximize solar energy capture and improve panel longevity
113	Nanotechnology	EverCycle	Carbon dioxide (CO2) currently makes up 80% of global greenhouse gas emissions. We have designed a reactor that converts atmospheric CO2 dissolved in carbon capture columns into methanol, thus preventing the need for costly and potentially dangerous carbon storage methods. Our group’s nanoparticle catalyst reacts with the dissolved CO2 using solar energy. This approach decreases the electricity consumption of the reactor system by 95% when compared to popular electrochemical systems. Methanol produced by the reaction can then be repurposed as an alternative fuel
114	Nanotechnology	CelluSense	CelluSense redefines electromyography (EMG) with a sustainable and innovative approach, using graphitized cellulose nanomaterials as flexible, reusable, and biocompatible electrodes. Designed to address shortcomings of traditional Ag/AgCl single-use electrodes, it eliminates adhesive gels that can irritate skin while reducing medical waste. Integrated into a wearable compression sleeve, CellSense offers superior conductivity, portability, and real- time muscle activity tracking for diagnosing and monitoring neuromuscular health, with applications ranging from hospitals to space stations. Advancing the UN’s SDGs, CelluSense promises a sustainable and user-friendly solution.
115	Nanotechnology	AeroTex	AeroTex is an innovative solution that aims to improve the current standard of warmth in our clothing. The design aims to leverage the insulative capabilities of nanocellulose aerogels and offset their mechanical frailty with a protective PDMS shell. Using a specially designed microfluidic chip, we have created a nanocellulose aerogel thread encapsulated by PDMS. The thread produced is highly flexible, lightweight, durable, and water-resistant. AeroTex offers a breakthrough in textile insulation, paving the way for sleeker, warmer clothing
116	Nanotechnology	Tireless innovations	Tire punctures are a major inconvenience and safety hazard, often requiring costly and time-consuming repairs. Our Adaptable Tire Puncture Sealant is a self-healing polymer lining that quickly seals punctures up to ¼ inch while maintaining tire pressure. It bonds with tire rubber, utilizing inverse vulcanization, offering long-term durability and multiple-use capability. Unlike traditional sealants, our sulfur-rich formulation autonomously heals, eliminating manual repair and reducing environmental waste. This cost-effective, aftermarket solution installs effortlessly into any tire, providing drivers with convenient solutions for reliability on the road
117	Nanotechnology	Burn2Recover	Burn2Recover is an innovative, over-the-counter spray for second-degree burns, providing antimicrobial protection, and accelerated healing. Utilizing specially synthesized silver nanoparticles, our formulation ensures an optimal environment for recovery. Designed for ease of use in outpatient settings, Burn2Recover offers an accessible, effective, and convenient solution to improve burn care without needing a prescription. Its portable design and simple application make it ideal for emergency first-aid kits, empowering users to address burn injuries quickly and effectively anytime, anywhere.
118	Nanotechnology	PLAQCHEK: An ECL Immunosensor Device to Detect the Concentration of Lp-PLA2 in Blood	Cardiovascular disease is the leading cause of death worldwide, often presenting without prior symptoms. Current diagnostic methods involve long hospital wait times and are not readily available. Our project aims to develop an affordable and accessible device that can assess a person’s risk level for cardiovascular disease by measuring the concentration of a biomarker (Lp-PLA2) correlated to heart disease, from a small blood sample via finger-prick. We aim to achieve the rapid detection and early intervention of coronary heart disease
119	Nanotechnology	NeuroSym	We are pioneering the future of helmet safety testing with a biomimetic headform—a 3D-printed PLA skull embedded with force, acceleration, and gyroscopic sensors and housing a brain-like hydrogel suspended in artificial cerebrospinal fluid. Unlike conventional testing, our system evaluates shear stress and repetitive impacts, the leading causes of Chronic Traumatic Encephalopathy (CTE). This innovation provides unprecedented insight into brain trauma, revolutionizing helmet design for sports, automotive, and defense industries. With commercialization plans underway, we aim to redefine head injury prevention
120	Nanotechnology	Hydroponics heroes	Our project merges hydroponics with AI to create a smarter, more efficient way to grow plants. Our system ensures optimal growth with minimal effort by automating water, nutrients, and temperature control with sensors and actuators. A Raspberry Pi captures plant images, analyzed by ChatGPT for real-time disease detection, keeping plants healthy without constant monitoring. This cutting-edge approach maximizes yield, conserves resources, and brings high-tech farming to urban and home environments making sustainable, AI-powered agriculture more accessible than ever
121	Nanotechnology	SMAPSTS	As solar energy continues to drive the sustainable energy market, improving efficiency and affordability remains crucial. Solar tracking boosts energy output by maximizing panel exposure to sunlight. Our design replaces traditional powered trackers with a passive Shape Memory Alloy (SMA) system. The passive tracker utilizes the sun's heat and amplifies it with an optical system to actuate the SMA, enabling rotational motion of the panel. This allows for autonomous tracking of the sun without the need for external energy.
122	Nanotechnology	EstroCare	It is estimated that 80% of women experience some form of hormone imbalance, with nearly 50 million women worldwide utilizing period tracking apps to monitor their health. However, despite widespread usage, a significant gap exists in understanding the physiological signals tracked by these apps. EstroCare addresses this issue by providing a seamless and intuitive wearable biosensor, based on microneedle technology, allowing for real-time estrogen-level tracking.
123	Nanotechnology	LymeNET: A FET Biosensor for Lyme Disease Detection	Lyme disease afflicts over 450,000 people yearly, especially affecting rural areas. Our biosensor is designed for rapid and early detection of Lyme disease bacteria. It is a portable, low-cost solution that addresses a gap in healthcare diagnostic technology across low-resource areas. Advanced Field Effect Transistor (FET) technology is the cornerstone of this high-sensitivity biosensor, which is accompanied by custom electronics for portability. The goal is to provide a rapid and accurate early Lyme disease detection alternative to healthcare professionals in underserved communities.
124	Nanotechnology	An EEG solution for in-home sleep monitoring and optimization	Waking up during deep sleep disrupts cognitive function and increases sleep inertia, impairing performance and fatigue. Our accessible in-home electroencephalogram (EEG) continuously monitors neural activity to classify sleep stages in real time, ensuring awakening occurs during an optimal lighter stage within a user-defined window. By integrating custom gold-polymer electrodes with advanced signal processing, our device enhances signal accuracy and actively utilizes data to improve wake-up quality. This approach minimizes grogginess and improves daily functioning, offering a precise, personalized solution to sleep-stage misalignment.
125	Nanotechnology	Fresh Wrap	One-third of all food produced for consumption is lost to spoilage. We aim to decrease that number by maximizing food longevity by incorporating zinc oxide nanoparticles into a traditional plastic wrap matrix. Zinc oxide nanoparticles (ZnO NPs) have antibacterial and antifungal properties that keep your food fresh longer without adding preservatives. Our design, FreshWrap, incorporates a uniform distribution of ZnO NPs in a low-density polyethylene polymer matrix while aiming to maintain ease of use.
126	Nanotechnology	AquaSafe	Heavy metal poisoning is an issue that affects millions across the globe. Current solutions are difficult to implement and tend to be expensive. AquaSafe employs a novel process involving functionalized CNTs to remove heavy metal ions from drinking water. The CNTs are embedded within a polymer membrane. This filter is then encased within a plastic casing, making it easily applied to faucets worldwide to ensure clean drinking water
127	Nanotechnology	InoTherm	Frequent charging limits the practicality of wearable electronics, creating inconvenience and disrupting continuous use. Our gel-enhanced thermoelectric generator passively converts body heat into electricity, providing a sustainable power source for wearables. It features a hygroscopic ionogel for enhanced cooling, a thermally insulating interfacial layer, and an optimized heat-spreading structure for efficient energy harvesting. Unlike conventional TEGs, this design maximizes power output without compromising flexibility, offering a seamless, self-powered solution for health monitoring and interactive devices in everyday life.
128	Nanotechnology	ProMGO	Individuals diagnosed with polycystic ovary syndrome (PCOS) often have difficulty in monitoring and regulating fluctuating hormone levels. Currently, clinical diagnosis of sweat is underdeveloped, yet it has high potential to create real-time, non-invasive, and continuous monitoring of hormone levels. ProMGO is a wearable sensor integrated with a magnetic graphene oxide coated electrode that detects progesterone levels in sweat, providing users with a detailed summary of levels, regulation techniques, and related insights via a mobile app.
129	Nanotechnology	AquaSense	Heavy metal contamination in drinking water, especially lead and cadmium, poses serious health risks. Detection is challenging due to a lack of accessible, affordable, and reliable solutions. Our design integrates a portable microfluidic device, porphyrin-based colorimetric sensing, and an image analysis website, providing real-time detection of these metals at concentrations below 0.015 ppm. The device is lightweight, cost-effective, and user- friendly, offering rapid results within 10 minutes. Its unique use of stabilized porphyrins ensures high sensitivity, accuracy, and portability, setting it apart from existing alternatives
130	Nanotechnology	Grating coupler design for photonic integrated circuits through inverse design	Photonic Integrated Circuits (PICs) run on light and are commonly used in data centers. This project involves using advanced simulation methods to design higher-efficiency grating couplers, which addresses a key challenge for these circuits: improving the amount of light going into them.
131	Nanotechnology	Airsero	We are developing a highly porous material for selective oil absorption from water, addressing the limitations of existing oil spill cleanup solutions. Oil spills cause billions in damages annually, harming marine ecosystems, economies, and human health. Our approach focuses on creating a manufacturable, reusable, and eco-friendly material that surpasses current alternatives in adsorption capacity. By enhancing efficiency and sustainability, our innovation aims to improve oil recovery from marine environments, offering a superior solution to mitigate oil spills' environmental and economic impact.
132	Mechatronics	Spot Halo - Aerial guidance	Boston Dynamics' robotic dog SPOT’s standard camera suite falls short when using its arm manipulator. Obtaining clear views of manipulations or reading gauges is difficult or impossible. We propose a quick-switch system, allowing operators to alternate control between SPOT and an aerial drone. The drone, always ready to deploy from SPOT’s back, offers improved camera angles and enhanced visibility during operations
133	Mechatronics	Recall	Recall is a computer vision system designed for the elderly and individuals with cognitive or visual impairments to help locate important household items. Using machine learning, Recall detects when objects are picked up and placed elsewhere, tracking their locations in real time. This data is seamlessly stored and accessible via the Recall mobile app, allowing users to check a list of their personal belongings and their last known locations. Recall enhances independence and reduces frustration by making lost items easier to find
134	Mechatronics	BlazeGuard	Wildfires are a major issue in Canada with approximately three million hectares of land burning annually. Traditional firefighting uses crewed aerial vehicles, which are expensive and require large water sources, limiting their deployment. Using data from national government databases, it was found that a large proportion of water bodies near wildfires are only accessible by smaller UAVs with shallow water capabilities. Enter BlazeGuard: a payload system to enable swarms of heavy-lift UAVs to continuously collect & transport water to a fire front & augment traditional methods
135	Mechatronics	illuden	With the rise of remote work, more people than ever are using a single home space for a variety of activities ranging from sleep and relaxation to work and hobbies. Illuden is a smart light fixture that adapts to these growing diverse needs. Offering ambient and task lighting with customizable control over light temperature, brightness, and direction, it allows users to create lighting environments that optimize productivity, well-being, and atmosphere
136	Mechatronics	Airborne	Introducing Airborne, the future of indoor air quality monitoring. Particulate matter is the leading cause of premature death worldwide, yet most people remain unaware of their daily exposure. Airborne uses optical particle sensing to detect particulate matter in real time, providing accurate and accessible air quality data. With seamless wireless connectivity and a low-power design, users can track their exposure through a mobile app. Airborne empowers healthier indoor spaces with smarter air monitoring.
137	Mechatronics	Focal Point	Focal Point is developing adaptive prescription eyewear that dynamically adjusts lens focal length. This innovative approach offers a versatile, cost-effective, and eco-friendly alternative to traditional glasses, and is especially beneficial for children with rapidly changing prescriptions and older adults with bifocal requirements.
138	Mechatronics	Rally and Rehab	Rally and Rehab is a wearable sleeve device with embedded sensors that track racket swing information. The device wirelessly transmits data to a computer or smartphone and provides helpful and accessible swing information for use by a trainer or athlete. Users can access various analytics like swing speed, acceleration, swing type, and more. The sleeve has a lightweight, seamless design that does not interfere with play and is more affordable than existing training technology.
139	Mechatronics	Group 15	Our Capstone explores bicycle safety enhancement through an Arduino-based blind spot detection system. The prototype integrates a time-of-flight sensor with a microcontroller and compact display screen to monitor approaching vehicles. By processing distance measurements in real-time, the system alerts cyclists to potential hazards in their blind spot through clear visual warnings
140	Mechatronics	RinkOver	Our Capstone project will show the development of an autonomous ice resurfacer to address the limitations of current manual systems in professional hockey. Current ice-resurfacing methods are very costly, rely on skilled operators, and present operational challenges, including safety risks and environmental concerns. The proposed solution leverages autonomy to provide a cost-effective, efficient, and reliable alternative
141	Mechatronics	BrightSpot	BrightSpot revolutionizes habit-building for those overwhelmed by clutter, including busy professionals, newly- independent students, or neurodivergent individuals. Unlike existing app-based solutions, our device uses computer vision and a laser projector to ‘spotlight’ misplaced objects in real-time, creating an experience independent from your phone. Tidy your space once, and Brightspot gives visual nudges when you enter the room, turning cleaning into bite-sized, manageable actions. Designed to tackle forgetfulness, Brightspot ensures clutter never piles up or slips your mind again
142	Mechatronics	ExoGrasp	ExoGrasp is a soft robotic glove designed to aid stroke patients with hand impairment by enhancing grip strength and dexterity. It utilizes pneumatically actuated artificial muscles to assist users in grasping and holding objects. Surface electromyography (sEMG) sensors detect user intent, enabling intuitive control through machine learning (ML) algorithms. By responding to natural muscle signals, ExoGrasp restores functional hand movements, improving independence and quality of life for users with limited hand mobility. The glove offers a non-invasive, adaptive solution for rehabilitation and daily use.
143	Mechatronics	RoofRecon	Manual roof inspections pose significant safety risks, with falls being the leading cause of fatalities in the construction and roof inspection industries. Our project aims to address this issue with a drone-based roof inspection system that captures high-resolution images for post-processing. The drone semi-autonomously navigates over a roof, taking images processed using computer vision and image processing algorithms. These images are then stitched together to reconstruct a detailed 3D surface model, enabling safer, faster, and more cost- effective roof assessments
144	Mechatronics	KASA labs	At KASA Labs, we're developing a groundbreaking method that uses microwaves to rapidly produce ceramic molds and cast metal. Our solution offers a fast, affordable, and safe way to bring investment casting in-house—eliminating the overhead of traditional foundry processes and revolutionizing metal prototyping
145	Mechatronics	Farakey	We aim to prevent relay attack-based car thefts with an innovative, easy-to-use car key featuring an integrated Faraday cage. Users can activate or deactivate signal blocking with a simple click, ensuring security without hassle. By combining advanced shielding with user-friendly functionality, we provide a seamless solution to enhance vehicle security and peace of mind. Stay protected effortlessly with our smart, reliable car key innovation
146	Mechatronics	QITI pies	Food preservation has been a concern of human societies since antiquity. Yet developments in food preservation have stagnated in the face of a rising demand for them. Altrigen is an edible food coating that consists of self-healing alternating layers on top of a nano-enhanced conventional polymer substrate. The synergy of these components results in the final coating being able to heal after experiencing physical damage, without compromising on water or oxygen permeability
147	Mechatronics	PillMate	PillMate is an automated pill dispenser designed for hospital integration, streamlining medication delivery between nurses and patients. Medical staff can use the touchscreen to input pill types and schedules, ensuring precise, profile-based dispensing via a rotating arm mechanism. Multiple storage slots enhance capacity, while secure access controls maintain security. By automating the process, PillMate improves accuracy, efficiency, and reliability in medicine dispensing—reducing errors and enhancing patient care
148	Mechatronics	ENVISION	ENVISION is an autonomous boat trailering system designed to streamline the boat docking process. The system allows a user to initiate the start of the trailering sequence with the press of a button, which enables the boat to position itself, drive onto a trailer, and securely lock in place. It does it autonomously without the need for human intervention! Sponsored by ENVY, our solution makes trailering easier, effortless, convenient, and most importantly, safe
149	Mechatronics	PinPoint	PinPoint is a modular, cost-effective targeting and payload delivery system that overlaps real-time projected payload landing locations onto a drone operator’s first-person view (FPV) feed. Combined with an integrated release mechanism, it enables precise deployment of payloads during high-speed flight without the need to hover or land. Ideal for applications such as munitions delivery and emergency supply drops, this system provides a reliable, low- cost alternative to existing military-grade targeting solutions, broadening access to precision aerial deployment across both commercial and humanitarian sectors
150	Mechatronics	Auto shopping cart	Automates the scanning and checkout process through the shopping cart. Products are automatically identified and displayed on a mobile app using cameras, barcode scanners, and a scale. The app is also used to process payment when it is time to checkout.
151	Mechatronics	Homey helper	Homey Helper is an innovative autonomous robot designed to organize and declutter household spaces, tackling the mental and physical challenges individuals face when it comes to maintaining a clean living space. The system can navigate, detect, and make context-based decisions for object organization through the integration of machine learning, computer vision, hardware and robotics.
152	Mechatronics	DeCruise	We are building the world’s most advanced electric skateboard. Our board features a custom battery, suspension, and computer vision systems to maximize rider safety, comfort, and control. DeCruise is speedy, smooth, smart, and safe, delivering the best rider experience of any board on the market
153	Mechatronics	Smart Glasses	The smart glasses are a wearable device that assists the visually impaired by providing real-time information about their surroundings. The glasses' real-time guidance includes path navigation and hazard recognition. Using an integrated camera and an on-device machine learning model, the glasses identify the user's surroundings and guide the user with built-in navigation logic. The detected information is relayed through built-in speakers, offering intuitive audio feedback via simple commands and warnings.
154	Mechatronics	Intellibrake	Our project aims to improve go-kart safety by reducing the 10,000 annual injuries such as whiplash, burns, and bone fractures suffered during go-kart races with an affordable, lightweight add-on. Featuring Autonomous Emergency Braking (AEB) and Emergency Assisted Maneuvering, the system enhances crash detection, prevents collisions and helps drivers navigate hazards. It automatically detects dangers, applies brakes when needed, and assists with maneuvering in critical situations, ensuring a safer racing experience for all enthusiasts, especially new and inexperienced drivers.
155	Mechatronics	Demeter Hydroponics	Demeter Hydroponics is a self-sustaining hydroponics system with monitoring capability intended to produce fresh vegetables in environments where easy access to produce may be unavailable, such as Northern Canadian communities.
156	Mechatronics	CRITTER	Tree canopies are an essential part of forest research that is often missed due to their inaccessibility. C.R.I.T.T.E.R. is a climbing robot that can carry scientific payloads to the tops of trees to help research teams understand those environments better. It consists of two spring-loaded grippers connected by a flexible robotic body, allowing it to navigate non-ideal environments.
157	Mechatronics	SARA Rover	S.A.R.A Rover (Search and Rescue Autonomous Rover) is an autonomous rover that uses a 3D LiDAR and a bogie- rocker style of suspension to provide detail and information to the search and rescue operator about the dangerous environment which is needed in order to limit the amount of exposure to hazards. The need for this idea stems from the fact that search and rescue operators are overexposed to hazards when searching for survivors and no solution exists to help them search
158	Mechatronics	RetinAi	Our project leverages machine learning and advanced imaging techniques to detect and diagnose ocular conditions, focusing primarily on glaucoma. We have developed a fundus imaging kiosk system that, in conjunction with our model, captures eye images and provides a preliminary diagnosis. By analyzing these images, the system aims to enhance early detection, improve treatment outcomes, and make eye care more robust and accessible, particularly for underserved communities, offering a non-invasive and efficient approach to eye care.
159	Mechatronics	E cards	Our Capstone project is creating wirelessly controlled, re-writable, tactile playing cards and a controller box that can run an expandable set of card games. The cards receive display data and power with a simple tap over NFC from the controller without any batteries. The cards are light and thin, similar to traditional playing cards. A wide variety of classic and modern card games can be played seamlessly, with standard cards or fully custom designs for the cards and limitless game logic hosted on the controller
160	Mechatronics	GROB - Garbage removal optimization bot	The Garbage Removal Optimization Bot is an autonomous robot designed to navigate urban areas, collect and compact trash, and deliver the compacted waste to a designated drop-off location. Built on a Clearpath Husky platform, it features a compactor on top and a front-mounted scooper. Equipped with a vision system to identify trash, the robot autonomously gathers waste and transports it efficiently. This project reduces the need for manual labor in litter collection, promoting cleaner, more sustainable, and efficient cities
161	Mechatronics	KineX Robotics	This project aims to develop an improved, multi-purpose robotic mechanism for humanoid robots. This idea originated at the University of Calgary, where researchers face challenges with neck and shoulder mechanisms. Our design builds on the existing neck system, which utilizes a spherical parallel manipulator. We aim to enhance its range of motion and load-bearing capacity, enabling its use in a humanoid robot's wrist, shoulder, and neck
162	Mechatronics	Woodpecker	Our goal is to revolutionize the utility construction industry. As a first step, we have created Woodpecker, a semi- autonomous robot designed to climb and drill wooden utility poles during the electrical line installation. The device consists of a three-wheel system that wraps around a pole for climbing and forms a platform on which tools can be mounted. On the platform, a 180-degree track positions a drill angularly, enabling through holes to be drilled at any angle while ensuring safety, accuracy, and efficiency.
163	Mechatronics	ADAPT	ADAPT is an adjustable ankle brace for ankle ligament injuries that provides a timely and complete recovery. The brace can be adjusted throughout the recovery process to provide the required degree of support based on the severity of the user’s injury. The integrated recovery exercises and metric tracking via a smartphone app aim to improve recovery times and eliminate recurring injuries. The app connectivity allows users to track their recovery progress and receive real-time, quantitative feedback.
164	Mechatronics	Gradient by Morph	Traditional medical casts make it difficult to maintain hygiene. Sweat and moisture become trapped against the skin, leading to irritation, chafing, and infection. Gradient is a novel manufacturing system that uses dynamic thermoforming technology to make casts more breathable and build them faster. We envision a future where the casting process is almost entirely automated, and skin complications from casts are a thing of the past–enabling healthcare professionals to focus on higher-priority care. Visit https://gradientbymorph.com/.
165	Mechatronics	Ethernet Crimper	Manually preparing custom ethernet cables is labour-intensive, leading to fatigue and potential injuries. As demand for high-speed ethernet increases in AV setups, automation could improve efficiency and cable quality. Companies like PixFusion face challenges with off-the-shelf cables not matching exact lengths, leading to increased costs and delays. The Ethernet Crimper automated dispensing, stripping, cutting, untwisting, crimping, and spooling, making the process efficient and safe. This user-friendly, safe automation helps create custom cables quickly, reducing strain, preventing errors, and supporting growth in the competitive AV industry.
166	Mechatronics	BracketBot	An open-source robotics dev kit for $600.
167	Mechatronics	Putt Pilot	Putt Pilot is an innovative putting green designed to help golfers perfect their putting technique in an immersive, cost-effective way. Featuring a 45-motor actuator array, it creates precise contours that users can modify and interact with from a mobile app. The system enhances practice sessions with automatic ball return, ball dispensing, and advanced stat-tracking, offering a seamless experience for users.
168	Mechatronics	Salico	Salico is making an automated harvester for sea asparagus. Sea asparagus is a salt-tolerant plant that is not only delicious and nutritious, but also has various environmental benefits. As a food, it’s rich in vitamins, minerals, and iodine. As a plant, it cleans water and helps capture carbon and desalinate it. The world is limited in its supply of clean, fresh water. Sea asparagus provides an answer to this problem. Salico aims to scale the farming operation by improving harvesting efficiency and speed.
169	Mechatronics	SPIDR	Natural gas and oil disasters are some of the worst accidents known to humankind. Many pipeline accidents happen due to incomplete inspections or inaccessible areas being ignored. Our solution is an autonomous robot traversing and inspecting pipelines—with no human intervention needed. With our Smart Pipeline Inspection Detection Robot (SPIDR), we will help energy companies and governments reduce immense costs while, more importantly, safeguarding the surrounding ecosystems from the devastating impacts of oil and gas disasters.
170	Mechatronics	RoboWatch	RoboWatch is an autonomous mobile robot designed for intelligent monitoring in industrial environments. Powered by Vision-Language Models, it adapts to any monitoring task based on a simple user prompt, scanning for hazards, inefficiencies or any other specified conditions. With fully autonomous navigation, a scissor-lift camera system for dynamic visibility, and real-time reporting, RoboWatch provides seamless, on-demand oversight to keep facilities safe, efficient and informed.
171	Mechatronics	AllerSpecX	Over 220 million people globally suffer from food allergies. AllerSpecX is an innovative compact device designed to alleviate the stress and risks of not knowing whether specific allergens are in the food you eat. The AllerSpecX system combines multispectral sensing, a controlled zero-noise environment, and AI analysis to intelligently detect food allergens without contaminating or destroying your favorite meals. Through a user-friendly web interface, you'll receive timely information about the presence and quantity of specified allergens, keeping you safe and informed.
172	Mechatronics	Frisbeasts	Our Capstone is a Frisbee throwing machine with computer vision to track players and an advanced aiming mechanism for precise throws. Multi-disc storage and a stationary net for catching Frisbees enable solo practice sessions, helping players refine their skills anytime, anywhere
173	Mechatronics	EZLift	Warehouses demand safer and more efficient operations, but manual processes cause safety risks, bottlenecks and high labor costs. Full automation overhauls of warehouses are costly, disruptive and often impractical. This project introduces a collaborative forklift robot to enhance warehouse operations. It reduces human error, minimizes safety risks in human-machine interactions and boosts productivity. By integrating seamlessly into existing processes without major overhauls, this solution offers a scalable approach to warehouse automation, improving efficiency while maintaining flexibility in traditional warehouse environments.
174	Mechatronics	BikeVue	BikeVue is a revolutionary solution that brings cyclists the same safety features as car drivers, including blind spot monitoring, collision prevention, and enhanced visibility. By addressing the growing risks cyclists face on increasingly crowded roads, BikeVue empowers riders with the confidence and peace of mind they deserve. With its integrated approach and its focus on universal compatibility, BikeVue aims to transform cycling safety and ensure everyone can ride safely.
175	Mechatronics	Voxel	Voxel is a 3D Volumetric Display that aims to provide a more immersive experience when viewing complex 3D objects and systems without the use of specialized headsets. This display allows a 360-degree unimpeded viewing angle of a 3D rendering in real space. It will support rendering of static images and dynamic media.
176	Mechatronics	Spectrum	Spectrum explores interactive new media art, integrating a spatial audio speaker installation and real-time generative computer graphics. A person has control over the installation’s audiovisual content through their hand gestures as extracted from a depth camera, providing a space for creative expression at the intersection of arts and technology.
177	Mechatronics	Stock-E	Almost everyone frequents grocery stores. Despite this, they still rely heavily on manual labour. This dependence on human effort limits the efficiency of stores and increases costs. The most labour-intensive task is restocking the shelves overnight. The process is taxing on the body and wastes valuable time. Stock-E aims to remedy this by autonomously bringing items from the storeroom and stocking them
178	Mechatronics	EV-TREx	Our vision is a future where EV fires no longer threaten safety, property, or the environment. Introducing EV-TREx: Electric Vehicle Thermal Runaway Extinguisher. Our system detects and extinguishes lithium-ion battery fires before they spiral out of control. It monitors batteries in real time using optical fiber sensors and deep-learning diagnostics, identifying early signs of thermal runaway. Upon detection, it floods the affected battery module and warns passengers to evacuate the vehicle. Why wait for safety when you can have it today?
179	Mechatronics	SkyMap	SkyMap is a cutting-edge precision drone payload system designed for high-fidelity scans of building exteriors, which is ideal for architectural surveying. By combining Stereo Vision with RTK GPS odometry, 3D point clouds and meshes with centimeter-level accuracy can be created, which can then be visualized in near real-time within a web- compatible VR environment for enhanced spatial analysis and decision-making.
180	Mechatronics	Canopy Robotics	Roofing is one of the deadliest jobs in North America, resulting in 11.7% of construction-related deaths. Meanwhile, rising demand for new residential homes and an aging workforce have led to labour shortages, increased costs, and project delays. Canopy Robotics is developing an autonomous shingle installation robot to enhance safety, reduce manual labour dependency, and improve efficiency. Our robot enables roofing contractors and homebuilders to complete more projects with fewer resources, while protecting roofers from working at deadly heights.
181	Mechanical	Frs Buddy	Introducing Frisbuddy, the ultimate frisbee pass partner. Designed to maximize your training efficiency, Frisbuddy allows you to practice throwing and catching solo. This portable, automated system helps you get more reps in less time, accelerating your skill development and boosting performance. Whether you're perfecting your technique or prepping for the next game, Frisbuddy ensures you’re training smarter, not harder
182	Mechanical	(PLA)yback	3D printing is on the rise! As technological advancements make 3D printers more efficient and affordable, the use of 3D printing filaments will continue to grow. Sadly, this also means that plastic waste generated by failed prototypes will also increase. Our capstone project is an extrusion device that accepts shredded PLA scraps and re-purposes them into a recycled filament so that you can reduce your waste and save a few bucks too. Experience the (PLA)yback for yourself!
183	Mechanical	LifeAssist	Lift Assist aims to aid patients who are confined to a regular bed in sitting upright. The device is built to be retrofitted onto beds for people seeking affordable at-home care. It can be adjusted to fit various beds and is easily installed.
184	Mechanical	Aqua smart tank	An automated fish tank environment for fish owners who want to take a hands-off approach to caring for their fish. The smart environment will automatically allow for clean supplies and cycles of fresh water, a constant food supply, appropriate pH levels, and ideal water temperatures. The smart aquarium aims to address the complex requirements of taking care of various fish species.
185	Mechanical	Team rocket	The Astroscope is a product designed to lower the barrier of entry to astronomy while also catering to a wide range of users, from new enthusiasts to seasoned veterans. The mount can automatically calibrate its location using a photo of the surrounding stars and allows users to control the telescope from their phone to point at a desired star. It is compatible with a wide range of telescopes and supports the attachment of personal cameras
186	Mechanical	Emberforge	Due to climate change, wildfires are growing more frequently, leading to widespread destruction and significant health and economic impacts on wildland urban interface communities. Improved wildfire resilience is a goal in Canada, but there are limited test methods to support it. The Emberforge is a wildland fire testing apparatus that combines radiant heat and firebrand exposure in a laboratory device. Designed for researchers, the Emberforge simulates real-world wildfire conditions, aiding researchers with wildfire resilience testing and providing valuable insights into wildland fire interactions.
187	Mechanical	PHANTOM	Weeds are a common plant that are visually unappealing and remove nutrients from other plants in a lawn. The current existing solutions include using a manual weed removal device that requires the user to remove each weed one by one. Our project, PHANTOM (Precision-Honed Autonomous Navigating Targeted Obliterator Machine), aims to eliminate this manual labor by autonomously navigating the intended area, visually identifying the weeds in the yard and selectively neutralizing them.
188	Mechanical	EasyTurn	The Easy Turn device attaches to existing hospital beds and automates patient rotation. Currently, nurses rotate patients at risk of developing bedsores onto their sides every two hours. Completing this task manually is tiring and time-consuming. The Easy Turn device fabric goes on top of the mattress and attaches to the side frames to create the tilted angles and maneuver the patient. The device is designed to quickly detach from the bed while allowing full access to the patient.
189	Mechanical	Cat Force	For many cat owners, dealing with their pet’s litter box presents the largest source of irritation and is generally regarded as the most unpleasant part of owning a cat. While existing products have attempted to solve this problem through various automated solutions, many users report concerns regarding these machines' long-term reliability, cost, and general safety. CatForce attempts to solve this by implementing a novel waste extraction method to eliminate these issues and improve the overall litter box experience
190	Mechanical	Velo Slide	Velo Slide is an innovative bike seat designed to adapt to riding conditions for maximum comfort and performance automatically. This smart bike seat utilizes sensors and adjustable mechanisms to monitor and adjust the seat position in real-time continuously, ensuring the perfect ride without requiring manual adjustments and preventing cycling-related injuries. Whether the rider is stationary, cruising at high speeds, or riding uphill and downhill, the seat can be adjusted on the go through a smartphone app to reach the most optimal position.
191	Mechanical	 Mech '24 Dropouts	A device to test the feasibility of vibration controlled locomotion through the human digestive tract to enable future development into medical robotics.
192	Mechanical	FAST	F.A.S.T - Force and Speed Tracking - is a wearable wrist and hand device used to gather, organize, and display metrics for combat sports. Our device has a wrist component housing the major electronics and sensors, and a knuckle component used to obtain force feedback from punches unlike anything on the market today. F.A.S.T's goal is to provide critical sports science information to boxers and combat sports athletes, propelling them into the data- driven and science-backed age of athletics.
193	Mechanical	LETUS Garden	With rising produce costs and volatile weather due to climate change, indoor consumer gardening solutions cannot keep up. Meet the LOTUS Garden, an automated and modular indoor farming solution. It uses an automatic aeroponic watering and light dimming systems to save on bills and maintain your free time. Modularity allows for as many or as few farming plots depending on your space or budget constraints. The LETUS Garden is an all-in-one solution to your indoor farming needs
194	Mechanical	 Hole-y Moley	To address the complexity and high cost of current deep drilling procedures, this initiative is focused on designing an electromechanical drilling device to make these procedures more accessible for residential purposes such as ground source heat pumps. This sustainable solution enhances accessibility to efficient heating alternatives
195	Mechanical	Solar Flake	Snowfall on solar panel arrays installed at low angles can render them inoperable during and after snowfall events in the winter season, which in Ontario lasts for the better part of four months. This heavily under-researched area causes VCT Group’s (Solar Energy Company) clients to experience financial losses due to the drop-off in solar energy production. Solar Flake is a mock-roof test stand that facilitates the analysis of snow clearing forces on solar panels, to help find cost-effective solutions to this problem.
196	Mechanical	Paddle Buddy	Paddle Buddy is a portable electric propulsion device for canoes. It aims to assist paddlers in carrying momentum by providing a subtle thrust force. The device seamlessly attaches to the rear of varying canoe geometries and is remote controlled by the user. By reducing the physical demand, Paddle Buddy expands the accessibility of canoe trips. We believe that the outdoors is for everyone, and this product makes that vision a reality
197	Mechanical	Water pump for Formula SAE vehicle	The University of Waterloo Formula Electric (UWFE) Student Design Team has historically struggled to support the heat dissipation needs of the vehicle's 80kW powertrain. With no commercially available water pumps able to support the hydraulic losses of the powertrain cooling system, our group decided to bring up a custom solution. The centrifugal pump utilizes low-volume manufacturing techniques to attain hydraulic efficiency levels not typically accessible to larger manufacturers and is integrated into the vehicle’s low-voltage power and communication systems.
198	Mechanical	APAR	A.P.A.R is an AI-powered personal assistant robot designed to enhance daily living, particularly for individuals with physical disabilities or those seeking greater convenience. This robot's primary function is to autonomously identify, pick, and place objects. Utilizing a pre-mapped home layout, it will navigate seamlessly between rooms to complete designated tasks, such as grabbing an apple from a shelf. By integrating advanced robotics and artificial intelligence, A.P.A.R seeks to improve independent living and household assistance.
199	Mechanical	WeedWarden	Homeowners often struggle with common weeds like dandelions in their lawns. Manual removal is labor-intensive, while herbicides pose environmental risks. WeedWarden is an autonomous robot that identifies and eliminates dandelions from residential lawns without using manual labour or chemicals. It uses deep-learning computer vision to detect weeds and a precise drilling mechanism to remove them effectively
200	Mechanical	HydroHeat	We have developed a thermomechanical subassembly for Hydrogen Powered Transportation Refrigeration Units (H2TRUs). It is a compact, efficient, and zero-emission supplemental heating solution for transporting temperature- sensitive goods in extreme cold conditions. Our device utilizes the waste heat generated by hydrogen fuel cells and provides the required heat to the cargo space of a reefer trailer. Through our partnership with HydroCool, our device will enable the viability of the world’s first H2TRU
201	Mechanical	Pivot Print	Pivot Print is a 5-axis retrofit kit designed for popular hobby-grade FDM 3D printers like the Ender 3 and Prusa MK4. Its additional axes enable advanced slicing techniques that improve surface quality, ensure uniform strength, and eliminate the need for supports. The hardware, firmware, and software are being developed with a focus on affordability and will be open-source, making 5-axis printing accessible to the broader 3D printing community.
202	Mechanical	OpenBOX	OpenBOX is one of the first accessible, customizable, and completely open-source packages to facilitate the study and visualization of complex fluid phenomena via background-oriented schlieren imaging (BOS). BOS is an imaging technique that uses the bending of light to infer the density and temperature field within a transparent medium. This combined hardware and software system utilizes novel algorithms and is uniquely designed with ease-of-use at the forefront to conduct a wide range of experiments that allow for accurate and robust flow analysis
203	Mechanical	Custom CNC plasma cutting system	Students and faculty at the University of Waterloo need an affordable device that quickly, accurately, and efficiently cuts a variety of metals. Existing solutions are large and expensive, making them unsuitable. The team developed a custom CNC plasma cutting system that is highly adaptable, producing fast, precise cuts in various metals. This durable device incorporates numerous features and has substantial cutting capacity for tasks of different sizes. Housed in the Undergraduate Welding Lab, this system will serve users' needs for years to come.
204	Mechanical	NoSlack	Highlining is an extreme sport that involves balancing and walking on thin webbing between cliffs. NoSlack is a highlining safety system that automatically detects a loss of tension in a highlining mainline and spools in the backup line to reduce slack and prevent ground-fall injuries.
205	Mechanical	RestEasy	Our project attempts to assist those living with tonic-clonic seizures. During a seizure, a patient should be placed onto their side to prevent choking. However, when alone, the seizure patient is at risk of injury or death, as they cannot move themselves. Therefore, we are developing a wearable apparatus that uses inflatable cushions to prop the user from their back to their side while undergoing a seizure, automatically activating by using sensors to detect movement and muscle activity indicative of a tonic-clonic seizure.
206	Mechanical	GlucoGo	This project aims to develop a cost-effective, reusable, and eco-friendly tubeless insulin pump to improve diabetes management. It focuses on refining the size of components to be competitive with other devices on the market. This features a compact design and allows for reusability by isolating the insulin delivery system. The goal is to address the limitations of existing pumps, such as high costs, medical waste, and user discomfort, by creating a lightweight, sustainable, and user-friendly solution.
207	Mechanical	Deep Driver	In aquatic studies, understanding water bodies requires sampling at various depths, but dissolved gases often complicate sample analysis. The Deep Diver provides a simple, effective solution to collect, contain, and depressurize water samples with high gas concentrations. Affordable and scalable, it ensures reliable sample collection for researchers worldwide, enhancing the accuracy of aquatic studies.
208	Mechanical	EduLab RFT	Fatigue is an important topic for undergraduate students to understand in solid mechanics, given that it represents a critical failure mode in mechanical design. However, currently available lab equipment for fatigue testing and research is cost prohibitive to offer an interactive hands-on lab experience for large classes. EduLab RFT aims to solve this problem with a low-cost rotary fatigue testing machine that is feasible for use in undergraduate labs with many students.
209	Mechanical	 MomentumScan 3D	Momentum Scan 3D is a remotely operated device that addresses inefficiencies in the 3D LiDAR scanning process. Traditionally, technicians manually reposition tripods and leave the room to avoid interference during scans—a repetitive and time-consuming process. Momentum Scan 3D eliminates these steps, significantly reducing labor and scan times. Featuring a live video feed and long-range remote control, it allows technicians to scan environments from a distance with precision and ease. Designed for industries like real estate and industrial modeling, it enhances efficiency while remaining portable and user-friendly
210	Mechanical	InkFinity	InkFinity is a dry-erase marker system with a refill station and a compatible marker. The dry-erase markers can be filled and reused once they go through the automated refill station. This solution reduces waste from dry erase marker usage, in places such as schools, universities, and offices. The unique marker also provides an improved writing experience in terms of line visibility and line thickness, compared to the current markers in the market
211	Mechanical	OrthoBorate	The Orthopaedic Drill End-Effector project by OrthoBoric is a design and prototyping initiative to develop a tool- changing robotic end-effector compatible with the KUKA LBR Med robotic arm. Targeted at ACL reconstruction surgeries, the system includes a quick, secure tool-changing mechanism and a drill capable of precise speed and torque control for bone drilling. The design prioritizes safety, sterilizability, and sustainability, featuring advanced gear systems, custom housing, and a feedback-controlled motor. This project aims to enhance surgical efficiency, minimize waste, and expand the versatility of robotic surgical platforms.
212	Mechanical	P2F heat exchanger	Several gaps in modern recycling technologies lead to only a small fraction of plastic waste being processed, damaging the environment, wildlife, and humans. The P2F Heat Exchanger is part of a novel solution based on a patented idea for the processing of oil sands (NUWAUP). This solid-to-solid heat exchanger uses sand as a carrier to heat the plastic into a mixture that can be processed into clean fuels. This process eliminates the need for washing, sorting, and transporting plastic waste
213	Mechanical	Bottles to bots	Bottles to Bots transforms discarded plastic bottles into toy robots, providing a tangible reminder of the importance of recycling. This initiative aims to educate youth on proper recycling practices and raise awareness of plastic pollution.
214	Mechanical	Eye stimulus delivery system	This project aims to create a safe, non-contact device that delivers precise air pulses to the eye for research. Designed for the Murphy Lab of Experimental Optometry, it helps study how the nerves on the eye's surface respond to different stimuli. The device is easy to use, hygienic, and highly accurate, allowing researchers to understand the eye's nerve function better and detect corneal diseases. This innovative system will improve medical testing tools and advance knowledge of eye health
215	Mechanical	Sort-a-Clean	The Sort-a-Clean is a semi-autonomous, hardware cleaning solution for any industry. Hardware is manually loaded into cups and secured in place. A gantry moves them through the process, from IPA filling, ultrasonic cleaning, IPA removal, hardware removal and drying, and finally loading them into storage vessels. This runs automatically until no cups remain, and then the cycle must be restarted. This allows operators to be freed to perform other functions while materials are sanitized and prepped for the next task
216	Mechanical	MonoPoly	Spinal fusion surgery helps strengthen weakened or broken spinal columns by fusing three or more vertebrae. This is accomplished using a screw and rod assembly which holds the vertebrae in position during the healing process; however, due to the high cyclic loading exerted on the spine during everyday activities, this assembly can fail before healing is complete. Our design aims to support this assembly and prevent mechanical failure while being easily incorporated into the current surgical procedure.
217	Mechanical	FemFlow	Common products on the market pose environmental challenges and carry risks of serious health concerns. There is a growing demand for accurate and non-invasive menstrual flow tracking, and current solutions lack reliable, real- time data collection that is crucial for diagnosing common conditions and identifying issues with menstruation. The FemFlow SmartCup is a reusable menstrual cup that detects fluid capacity and notifies users via application
218	Management	EcoScan - Bridging data and transparency in fossil fuel sustainability reporting	EcoScan aims to address the critical challenge of ensuring transparency and accountability within the fossil fuel industry by creating an AI-powered platform to assess and compare the sustainability efforts of European fossil fuel companies. This platform will automate the extraction, standardization, and analysis of sustainability data from unstructured corporate reports, empowering stakeholders to make more informed decisions about the authenticity of these companies’ environmental claims. EcoScan’s ultimate goal is to drive greater accountability in corporate sustainability reporting, promoting a faster transition to renewable energy
219	Management	AWAIR - HVAC anomaly detection and predictive maintenance	You don't realize how much an HVAC system matters until you lose air conditioning in the summer or heating in the winter. Currently, HVAC maintenance relies on customer complaints with no proactive measures. AWAIR is an HVAC anomaly detection and predictive maintenance tool utilizing advanced data analytics, machine learning, and thermodynamics analysis that leverages real-time sensors. Our solution enhances operational efficiency, reduces maintenance costs and environmental impact, and optimizes technician deployment, improving the ownership experience. AWAIR aims to revolutionize HVAC maintenance while supporting Canada's sustainability goals.
220	Management	Uber ads	Advertisers invest millions into capturing new customers and elevating brand presence. Strategic ad placements on high-traffic platforms like Uber and Uber Eats can unlock growth for businesses and propel emerging businesses. Our team is partnering with Uber to build an innovative advertising management tool, designed for transparency and smarter predictive planning, to enhance their decision making process. Our ultimate goal is to revolutionize Uber’s advertiser management process, making it more seamless and efficient.
221	Management	ORchestrate	Wait times for elective patient surgeries have increased by nearly 200% since 1993, affecting patient quality of life and placing a strain on hospitals. Many hospitals perform patient scheduling non-analytically, relying on expertise rather than a data-driven approach. ORchestrate uses Mixed-Integer-Programming, heuristics, and simulation to optimize hospitals' block scheduling frameworks. Using Cambridge Memorial Hospital data and processes, we consider patient priorities and surgical types to minimize wait times. ORchestrate generates and evaluates master surgical schedules to better inform patient scheduling decisions
222	Management	Opt'On	Many engineering students at the University of Waterloo struggle to complete options with their degree due to scattered and highly generalized information. As a result, Faculty option coordinators can face high demand from students seeking help with planning and understanding options requirements. Opt’on is a centralized web tool designed to help Waterloo Engineering students explore, compare, and track their academic options efficiently. It provides personalized course recommendations, insights on option trends, and real-time progress tracking.
223	Management	NOVA - The vehicle identity and experience platform	Imagine a world where your car is instantly recognized the moment you pull into a drive-thru, gas station, or parking lot - no apps, no scanning, no waiting, no credit cards. Meet Nova, the first global identity platform built for vehicles. Powered by ALPR and biometrics, Nova identifies your vehicle and tailors the entire experience around you. The menu adapts to your order history, rewards are automatically earned, and payments are processed hands-free. With intelligent automation, Nova transforms every journey into a seamless, personalized experience.
224	Management	Open RIF - Accessible human robot interaction with multimodal LLMs	Robots excel at completing repetitive tasks in pre-trained environments but struggle to interpret natural language instructions and handle ambiguous scenarios. OpenXRIF provides an open-source platform to seamlessly integrate language models and robots through an intermediary format known as XRIF (eXtensible Robot Instruction Format). XRIF operates agnostic to the choice of LLM and robot platform used, which allows it to be flexible in connecting small models and simple robots or complex models and large robotic systems.
225	Management	Dewy AI - Optimizing LLM prompts	Despite widespread AI adoption, many people underutilize LLMs due to inefficient prompt optimization. Dewy AI enhances prompt design with advanced algorithms and real-time feedback, helping users generate higher-quality AI responses. Our platform refines and optimizes prompts while delivering bite-sized educational insights that boost expertise. Dewy AI empowers everyone to craft more effective prompts and drive continuous innovation in large language model performance
226	Management	Compass - A levelized cost of carbon abatement (LCCA) tool	New tools are required to design policies that lead to the swift reduction of greenhouse gas emissions. Compass streamlines the levelized cost of carbon abatement (LCCA) model, a techno-economic and lifecycle analysis to compare chemical processes based on dollars per ton of emissions reduced. It delivers an intuitive platform with updated sources and thorough explanations to grasp underlying logic, enabling users to explore key LCCA metrics through customizable visuals. By making this tool publicly accessible, Compass amplifies informed decision-making across public policy, research, and academia.
227	Management	NRG - Nutrient replenishment guide for marathon runners	Marathon runners often struggle to maintain optimal nutrition during races, impacting performance and health. Generic fueling advice fails to account for individual differences in health metrics. NRG leverages Apple Watch data to deliver personalized nutrition strategies throughout a marathon, providing real-time, tailored recommendations. Users can see post-run insights on the accompanying iPhone app for deeper analysis into their race statistics. NRG ultimately improves a runner's nutrition, increasing the user's performance during a run
228	Management	1 Point - Loyalty platform for small business	Small businesses struggle to adopt digital loyalty programs due to financial constraints, limited technical skills, and operational complexity. 1 Point bridges this gap with a coalition-based loyalty program that offers an accessible, cost- effective solution to bring digital loyalty to the small business community. Our platform unifies independent businesses into a single network, enabling customers to earn and redeem points seamlessly across participating establishments. This approach enhances market presence, fosters customer retention, and delivers broader marketing capabilities and exclusive promotion opportunities to drive sustainable business growth
229	Management	YUMPLAN	This Capstone project focuses on creating a software application that offers affordable dining options for students by reviving the meal packaging program at participating restaurants. Students can purchase discounted food bundles through the app, while restaurant owners benefit from increased, guaranteed sales. The plan aims to foster restaurant partnerships and give students access to their favorite meals at lower prices. With student dining frequency on the rise, this solution bridges affordability and convenience for the university community
230	Management	Clinical clarity	Clinical Clarity is an AI-powered platform designed to enhance communication skills for healthcare professionals, particularly medical students. The project leverages machine learning and natural language processing to provide real-time feedback on clinical conversations. Using a hybrid approach combining rule-based systems and adaptive learning, Clinical Clarity helps users improve their verbal communication, decision-making, and patient interaction skills. The tool offers an innovative solution to traditional clinical training, aiming to enhance the effectiveness of healthcare professionals through continuous, data-driven improvements in communication
231	Management	House eXplainer - Predict, explain, decide	Home prices can seem a mystery, leaving buyers and investors uncertain about what drives value. House eXplainer is an AI-driven tool that predicts home sale prices and explains the why behind the numbers. Using historical data, our tool uncovers the factors that shape home prices—market shifts, property features, and buyer demand—enabling users to make smarter investment decisions. With HouseXplainer’s engaging visuals and in-depth insights, buyers and sellers can better understand current property worth and potential growth in value
232	Management	GM Opti-Flow - Optimizing plan for changes	We aim to integrate an intelligent decision support tool into GM Oshawa Assembly system to optimize their Plan for Change (PFC) process. With over 3,000 PFCs since April 2022, prioritization has become inefficient. Our tool will analyze requests, apply GM’s guidelines, and identify high-impact changes. Reducing redundancy and improving efficiency will streamline decision-making and enhance continuous improvement in manufacturing, ensuring only the most critical PFCs are actioned for maximum impact
233	Management	Route Sense - Optimized travel routes for students	Many students face unreliable transportation when traveling to their home cities, dealing with limited options, long wait times, and inefficient routes. To address this, we developed a simulation model that analyzes and creates the most efficient travel routes using historical travel data. By assessing past transit schedules, delays, and demand patterns, the model optimizes connections and minimizes disruptions. This data-driven approach provides students with better travel recommendations to selected hubs, improving accessibility and reliability. The goal is to enhance efficiency and convenience in student transportation networks
234	Management	CogniCare	CogniCare is an open-source, AI-driven platform designed to address the low adoption of traditional, clinical-feeling dementia assessments. Natural, voice-based conversations make cognitive screenings feel like a personal, human check-in rather than a test. Researchers and clinicians can easily upload compatible voice-based tests, while the system scales effortlessly across diverse populations. The AI assistant adapts to each user, creating a personalized experience that boosts participation, enhances data collection, and makes dementia monitoring more intuitive, accessible, and engaging
235	Electrical and Computer	Spice it	Many young and novice chefs often struggle to balance spices perfectly in their dishes, resulting in inconsistent flavors and wasted ingredients. Spice-it is an innovative, smart kitchen appliance designed to simplify cooking by accurately dispensing seasonings based on the user’s preferences and preset recipes. This eliminates the hassle of manually measuring and pouring multiple spices while keeping your hands clean
236	Electrical and Computer	Plant Guru	Plant Guru is a smart home device that aims to solve the issue of plant care by reminding users when to water their plants. The system aggregates data from light, soil moisture, and temperature sensors and uses predictive modeling to determine a watering schedule using control theory. Users interact with the system through the Plant Guru mobile application, which reports their plants’ health. Plant Guru sets itself apart as a combination of a physical monitor and a smart cloud application in an all-in-one package.
237	Electrical and Computer	Fleet Vision	Fleet management companies face significant annual losses due to vehicle downtime and accidents caused by poor driving habits. Imagine a solution that minimizes these losses by improving driver behaviour and monitoring vehicle health to prevent downtime. FleetVision is an all-in-one platform designed to optimize fleet performance. With machine learning powered real-time dangerous driving detection and advanced vehicle diagnostic analytics, FleetVision provides fleet managers with live insights into driver behaviour and vehicle health. This modern, data- driven solution enables proactive measures to minimize accidents and vehicle downtime.
238	Electrical and Computer	Tune Blender	Our project develops a programming library to simplify audio processing, focusing on enhancing human voices. Users can easily integrate operations like noise suppression and filtering. Using signal processing theory and Fast Fourier Transforms, our lightweight library prioritizes traditional techniques for fast and efficient performance. This versatile and accessible solution empowers users to tailor audio experiences to their needs, transforming how audio enhancements are applied across various platforms and devices
239	Electrical and Computer	Tenantra	Managing rental properties can be overwhelming for both landlords and tenants, from security concerns to rent collection and maintenance requests. Tenantra simplifies property management by bringing everything into one seamless platform. Secure keyless entry, easy rent payments, and a streamlined maintenance request system enhance safety, convenience, and communication. By eliminating the hassle of multiple disconnected systems, Tenantra ensures a smooth and stress-free renting experience—making home management easier and more secure for everyone involved
240	Electrical and Computer	HandSense	Our project, HandSense, aims to design a hardware-based system for real-time hand gesture recognition using a glove with IMU sensors on fingers. The system will employ advanced signal processing to recognize both pre-defined gestures and gestures recorded by the user, offering an efficient alternative to camera-based methods, which could eliminate limitations like platform dependency, requiring multiple cameras, and privacy issues. Key challenges include ergonomic glove design, low latency, and a user-friendly interface. This approach eliminates visual input constraints and enhances integration with various platforms.
241	Electrical and Computer	Sign Echo	For native ASL speakers, over 99% of their interactions are with people unversed with the language, creating communication barriers and contributing to 40% unemployment among Deaf Canadians. This project aims to design a wristband that translates ASL gestures into spoken words. The Sign Echo uses IMU and electromyogram sensors to read hand movements, transmitting data to a phone via Bluetooth, which a machine learning algorithm translates
242	Electrical and Computer	MindOnChip	Deep neural networks like ConvNet, ChatGPT and DeepSeek consume enormous amounts of computation resources, yet with embarrassingly parallel and fixed workload. Models' architecture and weight remain unchanged for months after training. Our project exploits this predictability by capturing model architectures within a Field- Programmable-Gate-Array chip. Introducing Neural Networks on FPGA - preliminary work in a "one-model, one- chip” design where an entire fully connected layer and convolution blocks are kept within the chip. Achieving the goal to eliminate most intermediate memory transfers for extraordinary computation power and efficiency on inferencing.
243	Electrical and Computer	Swipe Command	Swipe Command addresses the common issue of managing multiple TV remotes by eliminating the need for physical remotes. Swipe Command processes these gestures into commands for TVs and streaming devices by using a camera to detect user gestures. The system uses machine learning to translate gestures into infrared signals and other various transmission methods, achieving a user-friendly experience with a response time under 0.5 seconds. This innovative solution combines computer vision, signal processing, and embedded systems to create a novel universal remote alternative
244	Electrical and Computer	NavWay - Indoor mapping and navigation	NavWay aims to create an end-to-end platform for automating indoor navigation mapping with a smart robot. The lack of available indoor navigation solutions hinders businesses and visitors in indoor spaces like malls and offices. Using Structure from Motion (SfM), NavWay generates detailed 3D maps and provides accurate navigation for users through an augmented reality mobile app. Unlike other alternatives like Google Maps, NavWay offers an automated, interactive, easy-to-use solution for precise indoor navigation.
245	Electrical and Computer	Plant Pulse	Many people would like to enjoy keeping houseplants but lack the experience to care for a plant properly. Planet Pulse is a smart home plant monitoring system designed for house plant enthusiasts seeking personalized care. Using IoT sensors, it tracks soil moisture, sunlight, temperature, and nutrients. Data is analyzed in the cloud against optimal conditions for common houseplants, delivering tailored care instructions and timely alerts via a user-friendly mobile app. Unlike generic automatic watering systems, Planet Pulse offers explicit, customized guidance to ensure your indoor garden thrives.
246	Electrical and Computer	Buzzer Beater	Want to master your basketball jump shot? Then the Buzzer Beater arm sleeve is the perfect tool for you. Powered by a network of motion sensors, advanced AI vision models, and seamless integration with the Buzzer Beater app, jump into real-time training visualizations, personalized feedback, and expert tips from your favourite superstars. Buzzer Beater takes your game to the next level, and our innovative technology has the potential to revolutionize not only basketball training but also a wide range of sports, AR/VR applications, and more.
247	Electrical and Computer	MLoV (Machine Learning on Verilog)	MLoV is an acceleration framework for deploying and adjusting deep learning ONNX models on hardware to optimize performance metrics. To reduce the cost for inference, this library offers flexible hardware mappings to target a heterogeneous collection of field-programmable gate arrays and SoC development boards at the user’s availability. This enables a streamlined, plug-and-play experience for developers while abstracting hardware knowledge. By leveraging an open-source compiler and a distributed network, this project provides an efficient and affordable alternative for achieving performance per watt over host CPUs.
248	Electrical and Computer	ArithmaTix	The ArithmaTix is a children's puzzle toy designed to teach math and improve motor skills. With declining test scores, this 2x2 rotating cube, resembling a Rubik's Cube with screens, can enhance classroom learning. It consists of eight segments, each featuring three e-ink screens displaying numbers or arithmetic operators (+, -, x, /). Each cube face presents an equation tailored to the child's grade level. Once a child solves a face by rotating the cube, it grays out the face until the entire puzzle is completed
249	Electrical and Computer	TrackSafe	Current insurance models fail to reflect individual driving behavior. Existing tracking solutions lack accuracy, preventing fair assessments of safe drivers. TrackSafe is a plug-and-play device using computer vision and sensors to monitor eye focus, speed, acceleration, and proximity. It provides real-time feedback via a mobile app, generating an algorithmic safety score to lower insurance rates. Our goal is to promote safer driving and fairer premiums by offering a comprehensive analysis to help drivers improve their habits.
250	Electrical and Computer	Smart Sentry	The growing demand for enhanced home security has led to the proliferation of smart security cameras. However, these systems often lack intelligence and flood users with unnecessary notifications from any motion. By harnessing sensor fusion of camera and IR sensors, along with continuous adaptive learning, Smart Sentry distinguishes between familiar and unfamiliar people, delivering reliable alerts. Furthermore, Smart entry ensures privacy by exclusively training the system on only authorized users' data. This intelligent system minimizes unnecessary notifications and enhances home security with accuracy, privacy, and efficiency
251	Electrical and Computer	Edge Node	Edge Node aims to simplify the deployment of IoT devices and enhance their performance in the field. It seamlessly interacts with local, offline devices, sensors or microcontrollers and offloads ingested data to the broader network on demand. Its fully FPGA-based implementation ensures faster and more efficient operation.
252	Electrical and Computer	Pest Paladin	Pest Paladin is a smart pest monitoring system for homes, businesses, and agriculture. Using computer vision and machine learning, it provides real-time detection, identification, and tracking of pests through smart cameras. Compatible with existing home security systems, webcams, and custom IoT setups, Pest Paladin offers home and commercial users flexibility, delivering info through mobile and web apps with real-time notifications, visualizations, and analytics
253	Electrical and Computer	AutoGreen	AutoGreen is a smart plant care system designed to automate the maintenance of a single plant. It uses sensors, a microcontroller, and components like a water pump, electric heater, and vent to monitor and regulate temperature, soil moisture, and watering. A mobile app provides data visualization and control, making it ideal for users seeking minimal effort in plant care or those growing plants in challenging climates. AutoGreen ensures optimal growth conditions, combining technology and convenience for plant enthusiasts.
254	Electrical and Computer	Tx Vision	Increasing residential demand, including electric vehicle charging, strains the existing distribution system, causing transformers to age prematurely and fail if not upgraded. Tx Vision addresses this issue with a two-part solution: a meter for transformers that transmits current consumption and service outages data and a machine-learning model that forecasts demand trends. This helps utility companies predict future growth in specific residential areas, enabling targeted upgrades, efficient resource allocation, improved grid reliability, and better integration of renewable energy sources
255	Electrical and Computer	HeadSafe Impact Monitor	Every year, almost 3 million sports-related concussions occur, with 50% of those concussions going unreported or undetected. As well, research has shown that even small hits to the head over time can lead to brain dysfunction in athletes. Our project aims to help detect and track trauma to the head from sports injuries that may result in concussions. A detection system that tracks a player's trauma sustained over time will allow early preventative measures to ensure player health and safety
256	Electrical and Computer	Bin Buddy	A smart waste-sorting bin that uses AI and computer vision to automatically classify and sort trash into recycling, compost, or garbage. Users simply place an item inside and press a button. The bin captures an image, sends it to an AI model for identification, and directs the waste to the correct compartment. With automated mechanisms, it streamlines waste management, reduces sorting errors, and promotes sustainability
257	Electrical and Computer	Guardian Ware	The firmware and software of commercial heart-rate sensors are proprietary, which restricts data integrity and the ability to reproduce results. Nevertheless, open-source hardware platforms like Arduino and Raspberry Pi offer system integration. Unfortunately, there is a gap in the market for validated and easy-to-use heart-rate analysis algorithms, especially for low-cost PPG sensors that provide noisy data. Poorly documented or undocumented research implementations that require more than average technical skills are too common. This project intends to develop an open-source algorithm that is accurate, robust, and applicable for real-time heartbeat detection.
258	Electrical and Computer	Cadenza	Have you ever listened to a song and wanted to play it with your favourite instrument, but can't find the sheet music anywhere? You no longer need to transcribe music by ear with Cadenza tediously. Cadenza is a new web service that turns audio recordings into sheet music in seconds. Cadenza utilizes AI to split songs into vocals. Then Cadenza uses signal processing algorithms to identify notes, and sheet music is constructed within minutes!
259	Electrical and Computer	MobileCap	Proper footwork is critical for success in sports, but it isn't easy to practice properly without instructors present. MobileCap is a wearable motion tracking system that displays a 2D projection of your movement. The required algorithms are computed right on your mobile device. The visualization on your mobile device allows you to pause, slow down, or speed up the playback for analysis. MobileCap is a low-cost and easy-to-use inertial motion capture solution, enabling you to capture your motion exactly where you practice
260	Electrical and Computer	Analog intelligence	Contemporary neural network signal processing relies on quantizing a signal in space and time and then performing the inference. This quantization of large volumes of input data before performing feature extraction adds latency and is computationally inefficient. The Analog Neural Signal Processing Unit is a Printed Circuit Board with discrete digital and analog circuits that can perform the inference in the analog domain with continuous signals, resulting in space, time, and power savings resulting from quantizing on the feature level instead.
261	Electrical and Computer	pHPerfect	Struggling with dandruff, hair loss, or scalp irritation? pHPerfect is a smart accessory that detects your scalp’s pH levels and sends real-time results to a mobile app. The pHPerfect app analyses pH measurements over time and delivers personalized hair care recommendations, including tailored product suggestions. The pHPerfect app connects users through a supportive community. Easy to use, and cost-effective, pHPerfect empowers you to take control of your scalp health —no expensive treatments needed. Healthy hair starts with a balanced scalp!
262	Electrical and Computer	Under Pressure	Approximately 300,000 Canadians and 5 million Americans rely on wheelchairs daily. Of these individuals, 85% suffer from soft tissue problems, most of which are pressure ulcers. Thus, there is a clear need for a system for those with mobility issues to monitor and decrease the prevalence of pressure sores. Under Pressure is an auto-inflating cushion that intelligently redistributes and relieves load from high stress areas, reducing the chance of developing sores and allowing people to monitor historical data for better health management.
263	Electrical and Computer	Standup!	The Stand Up! is a compact and highly practical device that helps combat the adverse effects of prolonged sitting by reminding users to stand at regular intervals. Studies show that excessive sitting is linked to a 34% increased risk of early death for adults sitting 10 hours per day. With intuitive gesture controls, adjusting settings like timer duration is effortless. It features a long battery life and can be worn on the wrist or carried in a pocket. Subtle vibrations provide effective reminders, promoting movement, reducing sedentary habits, and improving overall well-being
264	Electrical and Computer	Ternary Accelerator	Ternary Accelerator is engineered to boost inference speeds in large language models. Designed for the same purpose as prior acceleration systems, it replaces conventional multiplications with simpler additions and subtractions, streamlining the core arithmetic operations. This innovative approach reduces computational overhead and energy consumption by leveraging FPGA hardware. The result is a more efficient process for generating high- quality language outputs, significantly enhancing the performance of applications such as conversational AI and automated translation. Ternary Accelerator offers a practical, cost-effective solution for modern LLM-driven tasks.
265	Electrical and Computer	Team 31	Experience a voice-activated document scanner enhanced by an extensible toolkit for swift, intelligent captures! Developers can integrate hardware sensors, streamline voice-enabled interfaces, or harness RAG pipelines with multi-modal LLMs, embeddings, and vector databases. Customize text extraction rules and compliance protocols or rebuild modules via APIs. It is ideal for education, legal, and assistive tech, it deploys seamlessly across cloud, edge, or hybrid systems, offering turnkey efficiency and open customization for context-aware document automation
266	Electrical and Computer	BeamBox	Many public locations such as museum exhibits and information kiosks utilize audio to convey information to users, but the sound can disturb those nearby. BeamBox aims to create a system capable of broadcasting a targeted sound beam in specific directions to reduce disturbances and limit audio interference. BeamBox utilizes a phased array of ultrasonic speakers emitting an upconverted audio signal where directionality is controlled, and steering is performed to allow the concentration of sound beams to their desired locations.
267	Electrical and Computer	Canary - A personal air quality monitor	Air pollution is often overlooked, despite being the fourth leading risk factor for early death. This project aims to develop a portable, battery-operated device to monitor air quality, featuring a display and a long battery life. Additional features including data analytics, alerts, and power profiles are accessible through a mobile app. Equipped with various sensors, the device provides real-time data and alerts for high pollutant levels. It combines ease of use with highly accurate sensors, creating a valuable and practical tool for monitoring air quality.
268	Electrical and Computer	aspIR	Traditional wireless communication systems can be prone to interference in high EMI environments, such as industrial settings with high-power machinery or medical settings with sensitive test equipment. Our project seeks to provide an alternative to laying fiber optics by using a much more resilient part of the spectrum - infrared. Using an FPGA-based modem, we adapt traditional RF modulation schemes, but using specialized amplifiers and an LED and photodiode instead of antennas, benefitting from EMI resilience and line-of-sight security
269	Electrical and Computer	Safety Lane	The Safety Lane is an advanced robotics system that uses traffic cone robots to manage construction zone barriers remotely. The system leverages Bluetooth Low Energy to connect robots and the operator. In addition, Ultra- Wideband technology is used to ensure precise cone spacing. Operators can position and retrieve traffic cones using a mobile application, thereby reducing the need for construction workers to be near traffic and improving overall site management and safety.
270	Electrical and Computer	illuminate	IllumiNate is a virtual piano teacher that provides an interactive, intuitive learning experience. Users select a song in the companion app, and the corresponding piano key LEDs light up in sequence, guiding them through each note. IllumiNate detects key presses using a microphone and provides feedback on accuracy. By eliminating the need to look between a screen and a piano, IllumiNate makes learning more seamless and accessible to all skill levels
271	Electrical and Computer	CarGuard	CarGuard mitigates car theft with advanced sensors and real-time notifications. Thousands of vehicles are stolen annually due to weak security. CarGuard’s Arduino-connected sensors detect suspicious activity, instantly notifying users via Bluetooth Low Energy (BLE) and requiring two-factor authentication (2FA). Unlike easily replicated fob RF signals, BLE connections are more secure. Authorized phones reconnect the relay, restoring power. This solution combines wireless communication and microcontroller programming for robust, responsive anti-theft protection.
272	Electrical and Computer	Smart pickleball paddle	This project aims to develop a smart pickleball paddle that provides players with real-time performance data, addressing the rapid growth and evolving needs of the sport. The paddle will integrate advanced sensors to capture crucial metrics about a player's game. Data will be transmitted to a mobile app for analysis, offering insights on shot placement, power, and technique. This innovative solution provides instant, accessible feedback to players, allowing them to understand their play style and improve their skills without the need for expensive coaching.
273	Electrical and Computer	PostureSense	Studies have shown that the number of reported musculoskeletal pains associated with working from home has increased dramatically since COVID, reaching 3.2 million in 2023. PostureSense is a system that detects the user’s posture through their webcam and delivers real-time visual feedback. Using a combination of machine learning- driven image detection, data processing, and a physical LED array, our solution offers a non-invasive and cost- effective way to improve your posture while you work.
274	Electrical and Computer	Inventory	Inventory is revolutionizing warehouse management with a data-first, vehicle-centric approach to inventory tracking. Over 75% of companies lose sales due to poor inventory control—our low-cost, scalable solution ensures that never happens again. Each vehicle in the warehouse acts as an independent node, transmitting real-time metadata for package tracking from arrival to departure. Inventory uses WiFi fingerprinting for precise indoor tracking, making warehouse management accessible to all businesses. By transforming real-time data into actionable insights, Inventory optimizes warehouse operations and drives efficiency, accuracy, and accountability
275	Electrical and Computer	OpenCore	Currently, the GPU market is dominated by two leading semiconductor companies - NVIDIA and AMD. The lack of competitors has reduced researchers, educators, and hobbyists' access to these products. Introducing OpenCore, built on AMD’s RDNA 2.0 ISA, the GPU is implemented on a FPGA with a custom PCB for handling power and communication. Our group aims to challenge the status quo by providing an open-source and free alternative to the existing graphics and AI processing chips
276	Electrical and Computer	SmartGrow	SmartGrow is an autonomous greenhouse system that aims to mitigate premature plant death by optimizing growth conditions. It improves indoor plant survival rates and promotes healthier plant growth in a practical and user- friendly manner. Using image processing and convolutional neural networks, it identifies plants and optimizes lighting and soil moisture. Key features include automatic irrigation, ambient light control, and real-time monitoring on an LCD screen. SmartGrow integrates knowledge from image processing, computational intelligence, power electronics, and circuit theory for a user-friendly solution.
277	Electrical and Computer	LifeGuard	LifeGuard empowers seniors to live independently with a smartwatch designed for their unique needs. It features a simplified UI, real-time health tracking, and predictive alerts using machine learning to detect potential emergencies. Emergency alerts can notify caregivers and bystanders, ensuring rapid assistance. A code on the watch grants medical personnel immediate access to health records. The mobile app enables remote monitoring for caregivers. By prioritizing accessibility, proactive health monitoring, and emergency response, LifeGuard enhances safety and peace of mind for seniors and their families
278	Electrical and Computer	Cargo Buddy	Cargo Buddy is an autonomous robot that allows the elderly suffering from mobility issues to transport large items like groceries within their home. It uses sensors and pathfinding algorithms for navigation with an adaptive map and a spacious cart for larger items. Additionally, it contains obstacle avoidance to prevent potential harm and move items safely. Users can set delivery spots and monitor the robot’s location with an easy-to-use application. Cargo Buddy is a practical solution for the elderly to improve their independence and quality of life
279	Electrical and Computer	InfrAlert	InfrAlert aims to enhance driver safety in low visibility scenarios through an object detection system that utilizes thermal imaging to alert drivers of surrounding wildlife or pedestrians. Users will be able to see information on the type of objects they pass by to be better prepared for potential hazards in the future. InfrAlert reduces the cost of installing thermal detection systems directly from the manufacturer and is adaptable for any vehicle.
280	Electrical and Computer	ParkEasy	Parking in busy areas is often frustrating and time-consuming. ParkEasy is a smart parking system designed to make the process quicker and more efficient. It detects open spaces and provides up-to-date parking availability using cameras and real-time processing. This reduces the time spent searching for a spot, eases traffic congestion, and improves overall convenience. Whether in a crowded city or a packed parking lot, ParkEasy helps drivers find a space faster, saving time, fuel, and frustration
281	Electrical and Computer	Get a grip on reality	VR/AR headsets lack the experience of touch sensations, causing a less immersive experience. Current haptic solutions are bulky and costly. Our project aims to design affordable and comfortable force feedback gloves that enhance the VR/AR experience by providing tactile sensations, offering precise hand and finger tracking at a lower cost and smaller form factor
282	Electrical and Computer	6ixSense VR	6ixSense VR bridges critical gaps in patient care during transfers by enabling doctors to be virtually present in real time, no matter their location. Using a gantry-mounted 360° camera with mechanical tracking, our system mirrors user’s VR headset movements for unified navigation. This empowers healthcare professionals to guide paramedics during emergencies, enhancing decision-making and saving lives. Beyond healthcare, 6ixSense VR transforms industries like remote training, entertainment, and disaster relief, which in turn pushes VR’s boundaries to create real-world impact.
283	Electrical and Computer	Easy Breezy	Easy Breezy is an affordable, energy-efficient smart vent system designed to optimize home airflow while reducing heating costs. With home automation projected to reach $715.6 billion by 2032, inefficient ventilation remains a major issue, leading to inconsistencies in temperature and higher monthly bills. Our intelligent solution regulates airflow, improving comfort while minimizing energy costs. Unlike other solutions, Easy Breezy offers seamless and cost-effective integration for homeowners while enhancing efficiency, sustainability, and overall living conditions.
284	Electrical and Computer	Trip Tracker	Student safety on field trips has always been a concern for both teachers and parents. The TripTracker system consists of portable real-time tracking devices and a smartphone app that monitors the distance between teachers and their students, alerting teachers if a student wanders too far away. Utilizing a combination of wireless positioning technologies, namely Ultra-wideband and GPS, a reliable connection is maintained when transferring between outdoor and indoor settings, helping teachers to react quickly and ensure a child’s safety
285	Electrical and Computer	Nautilus - Remote controlled fire fighting vehicle	To enhance occupational safety and efficiency, we introduce Nautilus—a remote-controlled firefighting vehicle designed to address these challenges, it is featured with an automatic fire detection system that combines deep learning, image processing, and real-time video transmission, integrated with self-designed PCBs and commercial antenna modules. Nautilus is dedicated to facilitating efficient information collection and survivor rescue within hazardous zones, providing a low-risk, cost-effective solution for firefighting teams
286	Electrical and Computer	FreeCharge	Cell phones are vital in serving as lifelines in emergencies for navigation or calling 911, especially in remote areas with limited access to power. However, battery life limits continuous access to these services. The FreeCharger aims to use Piezoelectric material to harness energy from daily phone movements to charge a battery on the back of a phone, providing emergency power when outlets aren't available. This design leverages natural movement, avoiding the need for external power sources
287	Electrical and Computer	Open Sesame	As smart home technology advances, keyless locks are becoming standard in hotels and apartments, but frequent battery replacements remain challenging. Our project, Open Sesame, is a battery-less NFC-enabled smart lock that harvests power from a smartphone’s RF signal. Using an integrated antenna, power circuit, and microcontroller, it authenticates users and unlocks without requiring maintenance. Designed for efficiency and security, it eliminates battery waste while enhancing user experience. This innovation aims to make smart access systems more sustainable and reliable.
288	Electrical and Computer	WingWatcher	The bird-watching community is rapidly growing, with more than 50 million North Americans feeding wild birds. However, enthusiasts may not get to observe their favourite birds. Other animals often steal bird food, enthusiasts aren't notified when birds are perched on the feeder, and bird seed may run out anytime. This project aims to design a low-power bird feeder that sends video clips to a user’s phone. By notifying users of bird visits, providing clear video and automatically dispensing bird seed, bird enthusiasts will never have to worry about missing their favourite birds. Using a low-power motion sensor, a MOS switch activates a camera when an animal approaches. Machine learning enables animal identification, wireless communication provides real-time notifications, and low-power circuit design ensures optimal battery life. With this new design, users experience several advantages such as bird food not being stolen by other animals and real-time notifications. With its solar-powered, energy-efficient design, WingWatcher enhances the bird-watching experience while ensuring minimal maintenance.
289	Electrical and Computer	OptiDrene	OptiDrone aims to demonstrate the applicability of neural networks to drone flight and allows users to simulate and test drone motion in a virtual environment, allowing for efficient visualization and testing while preserving user safety and drone integrity. Using a custom joystick controller and pre-programmed test plans, our team has trained a model to predict the drone’s motion and designed a control system to correct flight paths automatically. The data can be used for environmental planning, evidence collection, and civil engineering photogrammetry
290	Electrical and Computer	HearWise	HearWise is an advanced hearing aid that enhances speech clarity while reducing background noise. It operates independently without external connectivity, using a scaled-down machine-learning model for accurate speech recognition and effective noise cancellation. By dynamically adjusting audio processing, HearWise optimizes conversational clarity, making it a reliable solution for individuals with hearing impairments. Its intelligent noise suppression technology delivers a seamless listening experience in various environments.
291	Electrical and Computer	Screen Tickle	Screen Tickle is an attachable, touch-enabled frame that transforms non-touch screen devices into touch-responsive devices using infrared (IR) sensors and photodiodes. This frame offers an affordable and seamless upgrade, allowing users to enjoy touch functionality without investing in new hardware. The system detects interruptions in the IR light beams and wirelessly connects to the computer. ScreenTickle is user-friendly, requires no professional installation, and can be easily attached or removed.
292	Electrical and Computer	Team MAUSE	Conventional alarm clocks often struggle to get the job done: nearly 70% of people use the snooze button, averaging 22 extra minutes of sleep. The Runaway Alarm Clock is designed to tackle this problem by forcing the user to catch the device when the alarm sounds physically. Equipped with a microcontroller, LCD display, loudspeaker, motors, wheels, and distance sensors, it moves around the floor unpredictably while avoiding obstacles. This physical activity helps users wake up faster and effectively overcome sleep inertia
293	Electrical and Computer	Qanstruct	Quantum computing presents a new avenue for solving problems impossible to solve with classical computers. The latest experiments require sub-nanosecond control over lasers, cameras, and other implements. Experimental setups are ever-changing, so we have constructed an open-source, one-click solution that generates firmware for every new configuration. This lets researchers update and adapt their experiments by giving them control over their hardware and eliminating their reliance on third parties
294	Electrical and Computer	LightLink	LightLink is a low-cost visible light communication (VLC) technology that integrates into existing lighting infrastructure to provide high-speed data transmission. By leveraging the unlicensed visible spectrum, Lightlink addresses the spectrum limitations of traditional wireless technologies due to the global surge in data traffic. Utilizing advanced signal processing and low-noise circuits using commercial RGB LEDs, photodiodes, and microcontrollers, LightLink establishes visible wavelength channels to improve bandwidth efficiency and reliability, addressing the growing demand for efficient wireless communication
295	Electrical and Computer	LegalEase	Navigating legal documents for housing issues is daunting for students. LegalEase, a virtual consultant, provides swift, authoritative guidance on housing rights, referencing court cases and the Residential Tenancies Act. This service saves students time and legal expenses for straightforward queries by offering transparent, verifiable citations. LegalEase aims to enhance awareness, prevent exploitation, and empower students to make informed decisions, thereby improving the rental landscape. By offering accessible and reliable legal guidance, LegalEase fosters a better-informed student community
296	Electrical and Computer	ReadSpex	Visual impairments can make text hard to read, with some impairments causing text to be blurry. ReadSpex provides a wearable solution to help users read and understand text via text-to-speech to help navigate everyday life. This portable device also features a companion app to help users conveniently remember and recall the text they encounter.
297	Electrical and Computer	Live Streaming Piracy Detection	Piracy costs the live-streaming industry billions, and current detection methods can't keep up. Our live streaming piracy detection system leverages Machine Learning to analyze hardware behaviour, distinguishing between legitimate viewers and those illegally redistributing content. Unlike traditional approaches that rely on expensive manual monitoring, our system enables real-time, scalable enforcement. By helping content delivery networks protect their broadcasts more effectively, we provide a smarter way to safeguard digital content.
298	Electrical and Computer	Trustless Identity Verification System (TIVS)	Today, many services require providing them with ultra-sensitive information directly (think copies of your passport or SIN and government ID cards). TIVS designs a decentralized system allowing users to verify their identity without exposing their personally identifiable information. Through trustless cryptography paradigms and a custom NFC- enabled terminal, TIVS proves the validity of official ID documents while ensuring users retain complete control of their sensitive details. We aim to fundamentally reimagine how identity verification can work in a privacy-first digital world
299	Electrical and Computer	Book to Movie	Transforming books into immersive multimedia experiences has traditionally been expensive and out of reach for most authors; Book-to-Movie (B2M) reimagines this process by combining book scanning hardware with AI-driven technology, making it fast, affordable, and accessible. B2M leverages AI-powered text-to-speech, image generation, and text segmentation to bring stories to life, assigning distinct voices to characters and generating visuals that match the narrative. This seamless integration allows authors to effortlessly convert their books into high-quality movies, expanding their reach and transforming how stories are told
300	Architectural	Innovillage consultants	Innovillage Consultants is designing to solve two problems: abandoned Olympic housing, and a student housing crisis. We are designing short-term housing for the 2026 Olympic Games in Milan, Italy. Once the games are over, the building materials will be disassembled, relocated, and reused in Rome, Italy to be reconstructed as a new student housing community. This aims to solve past problems of Olympic specific designs and outlines the future of short-term buildings being rebuilt for long-term uses
301	Architectural	Mission engineering	Mission Engineering proposes Creativo, a new four-storey creative hub within the core of Kitchener’s Innovation District. Creativo is set to replace the City of Kitchener's current creative workspace facility, 44 Gaukel, and address over-occupancy and serviceability concerns. The new hub houses art and music studios, a theatre, gallery, and rehearsal spaces. Mission Engineering has developed and delivered detailed design documentation in architecture, structure, systems, enclosure, and sustainability. Creative aims to boost Kitchener’s economy, diversify industry, and foster creativity through modern and sustainable design and construction
302	Architectural	Lotus engineering	The Xincun Harbor in Hainan, China is a vital cultural and economic hub for the Tanka community, known for its distinctive fishing rows that support an aquaculture-based lifestyle. However, modernization, environmental degradation, and economic challenges threaten their traditions. Lotus Engineering’s design for a cultural center will serve as a space for the Tanka people to celebrate their traditions, attract tourism, and boost the local economy, ensuring their culture thrives for future generations
303	Architectural	H^3 engineers	Located in the heart of Cairo, Egypt; Manshiyat Naser, known as the “City of Garbage,” is the city's primary recycling hub, processing 85% of its waste. Despite this vital role, the community faces severe urban neglect, environmental pollution, poor infrastructure, and inadequate sanitation, leading to inadequate living conditions and widespread health risks. This project proposes a mixed-use building integrating sustainable waste management, improved sanitation, and community-centered spaces. Inspired by traditional Egyptian architecture, the design enhances environmental conditions, fosters social interaction, and promotes long-term urban resilience, offering a scalable model for sustainable development in informal settlements globally
304	Architectural	Kaleidoscope Inc	Mosaic Ridge is a residential complex and community centre project located in an informal community in Valparaíso, Chile. Inspired by the half house concept, the residential complex features flexible and panelized elements that minimize material usage and optimize constructability, highlighting local architecture. The community centre provides essential services, fostering community and long-term economic growth. With the local climate in mind, the structure is designed to withstand earthquakes and wildfires, allowing it to act as a resilient emergency shelter for disaster recovery
305	Architectural	Beyond Blox	The HEALiX is a modular, mobile healthcare clinic designed to provide services for underserved Northern Ontario communities' most pressing healthcare needs, including preventative care, women’s care, vaccines, mental health services, and diagnostic imaging. The HEALiX would stay in a location for 3 to 6 months, and this rotation concept would allow for a greater range of services to be provided, as the residential component of the clinic would be able to house nurses, physicians, and diagnostic specialists as needed.
306	Architectural	MidMod	The Modular Median is a housing solution for the Missing Middle, bridging the gap between detached homes and high-rise apartments. It repurposes former gas stations, using prefabricated, modular design strategies to create sustainable, high-quality housing on small brownfield sites. The largest design includes three-units per floor, each with two-, three-, and four-bedroom suites featuring winter gardens. The project maximizes livability with ample natural light, outdoor space, and integrated parking, offering a scalable, efficient model for urban densification in the Greater Toronto Area.
307	Architectural	Fireless solutions	With the increasing threat of forest fires across Canada, our project aims to provide rural communities in BC with a fireproof community centre. This building will serve as a gathering space for small communities before a wildfire and a refuge shelter for rehabilitation afterward. Using locally sourced materials and landscape planning, the mass timber structure and highly effective assemblies will create a resilient building. Our mechanical system will allow our building to be self-sufficient and functional, with a fire suppression system that prevents smoke penetration
308	Architectural	MAViS consultants	In 2010, Vancouver hosted the Winter Olympics, with athletes staying in what is known as the Olympic Village. Since then, the area has been redeveloped into permanent housing, creating a need for a new elementary school. MAViS Consultants presents a design that addresses safety concerns related to flooding and seismic activity while aligning with the Vancouver School Board’s vision for sustainability and innovation. The new school will support the future generation of the community and enhance the learning experience.
309	Architectural	GRAND Inc	The Grand River School of Engineering aims to expand the University of Waterloo architecture campus in Cambridge, ON. A new five-storey institutional building will house the Architectural Engineering students and feature lecture halls, studios, event spaces, and faculty offices. Our design emphasizes sustainability through material choices, high-performance energy-efficient systems such as photovoltaic panels and radiant floor heating systems, minimizing energy transfer through a high-performance envelope and solar shading devices
310	Architectural	Kuosi consultants	Kuosi Consultants are developing a New Museum of Architecture and Design in Helsinki, Finland. The New Museum will combine the Design Museum Helsinki and the Architecture & Design Museum under a single roof, along the harbourfront just south of Helsinki city centre. The New Museum is part of a greater revitalization plan for Helsinki South Harbour and will become a focal point of the city's cultural identity
311	Architectural	AdaptIng	Community Commons is the adaptive reuse of a dying mall in Scarborough, Ontario into a community hub complete with necessary services, community spaces, and amenities for the surrounding neighborhood. The site is designed with new affordable housing buildings, community gardens, and transportation routes. Designed with community, affordability, sustainability, and replicability goals, this concept can be applied to dying malls across North America to revitalize underused but well-connected facilities, fostering economic growth and social interaction
312	Architectural	Cloud13 Engineers	By 2037, the Region of Waterloo International Airport terminal building capacity must be increased to serve up to 2.5 million annual passengers, or 18 daily flights. Due to space constraints at the existing terminal building location, the design of a new, fully-comprehensive airport terminal building is required to replace the existing facility. In addition to increasing the airport's flight capacity, this new facility will enhance operational effectiveness and act as a landmark for visitors to the Region of Waterloo
313	Architectural	VF consultants	Fort Malden Secondary School is a retrofit and expansion of a recently constructed high school in Amherstburg, Ontario. This project aims to address the architectural issues users face: inefficient circulation, ineffective programming, a lack of amenities, and uninspired architecture. It achieves this by decreasing the average travel distance with the new atrium and alcoves, adding career-focused classrooms such as the greenhouse, renewing the site landscaping, and improving the building’s design language
314	Architectural	F3B	This project aims to develop an innovative multi-purpose indoor recreation facility within the RBJ Schlegel Park in Kitchener. Dinoco Sports Complex will be designed to meet the community's current and future needs by catering to the diverse interests of residents. The facility is envisioned to set a new standard in environmental sustainability by becoming the City of Kitchener’s first net-zero carbon building and one of Canada's most sustainable recreation facilities.
315	Architectural	YMG engineering	Spadina Senior Society is a Toronto-based adaptive reuse project involving converting two existing, mid-rise, brick- and-beam office buildings into a long-term care (LTC) facility and an adjacent nursing school. The retrofit aims to tackle the recent surge in office vacancies and the LTC crisis, which entails a growing demand for admission to LTC and a staffing shortage. Design efforts centered around higher energy efficiency; this included optimizing enclosure performance, and fully replacing mechanical systems to meet stringent ventilation requirements for care facilities
316	Architectural	Golden dome consultants	Our project envisions a landmark Islamic Cultural Centre in Mississauga, featuring three distinct buildings. At its core is the Mosque, designed for nearly 3,000 people, providing a large, accessible prayer space for locals. The other two buildings aim to encourage interfaith dialogue, and facilitate educational and cultural learning. The centre blends traditional Islamic elements with contemporary aesthetics, creating an inspiring and welcoming space for everyone to learn about Islam. It serves as a symbol of culture, innovation, and connection in the community
317	Architectural	JAAKD engineers	The SafeHaven Medical Clinic is designed to be constructed in Calabasas, California. SafeHaven was designed not only to withstand the potential threats of a wildfire but also to remain functional while caring for patients during a wildfire. The goal of continued functionality was achieved through multiple design considerations. These include strategic architectural and landscape design, custom mechanical system design, and careful building materials selection. The cutting-edge design addresses a problem that is very relevant today. Fire-resistant buildings are increasingly important, particularly in hot, dry climates like Calabasas.
318	Architectural	TREKt consulting	The East Harbour Transit Hub is a proposed GO Train and subway station in Toronto, Ontario. The station adds a GO train stop on existing tracks between Union and Danforth, and ties into the proposed TTC Ontario Line development. The station will feature a community hub with food vendors, gallery space, a library, and commercial units. Sustainability features include an accessible green roof, bike and EV parking, and fritted glass, to comply with the Toronto Green Standard.
319	Architectural	SAGG consultants	SAGG Consultants is developing a project focused on affordable housing in Kensington Market. The design emphasizes a replicable housing model that reintroduces family-oriented living to the area. The project creates a strong connection to the local context by featuring ground-level grocer retail spaces. The buildings are constructed with light wood framing, incorporating local vernacular to blend in with the neighbourhood. This thoughtful design aims to enhance community vitality while addressing the growing need for accessible housing and local commerce in the area
320	Architectural	Tree of life	Tree of Life is a youth vocational school in Cap-Haitien, Haiti that aims to break the poverty cycle by providing vital education and housing services for one of Haiti's most at-risk populations. Merging high performance North American technologies with traditional passive strategies, the project responds to an existing site that exhibits post- climate disaster characteristics to develop a design approach that could be implemented in our world of increasing exposure to such conditions.
321	Architectural	AI-Awda (The Return) Group	Attempting to address the mass destruction of infrastructure in Gaza, we developed a flexible, adaptable design system that prioritizes passive strategies and rapid construction. Our initial design serves as temporary housing for displaced refugees, who will later transition into a school once they can return home. To showcase our system's adaptability, we also designed a mixed-use building that offers permanent housing and commercial spaces, supporting Palestinian communities in a post-war Gaza
322	Civil	Critters consulting	To mitigate the impact of the proposed Bradford Bypass on wildlife habitats within Southern Ontario's Greenbelt, Critters Consulting is designing a wildlife crossing to ensure safe passage for a diverse range of animal species. The project features two twin steel highway bridges spanning the East and West branches of the Holland River, prioritizing habitat connectivity, ecological preservation, and reducing wildlife vehicle collisions, while incorporating sustainable design practices
323	Civil	Devista consulting Inc	Waterfront Toronto has identified the need for a new pedestrian bridge to span the Keating Channel in Toronto, ON to support future developments in the Quayside and Villier’s Island districts along the channel. Devista Consulting Inc. has been tasked with designing the new pedestrian bridge, featuring an arch spanning the superstructure. Devista seeks to create a design which enhances aesthetic appeal and serviceability, employs sustainable construction methods, and pays homage to local aboriginal values
324	Civil	Bass consulting	The City of Waterloo’s Master Plan targets increasing cycling mode share from 8% to 12%. However, Waterloo Collegiate Institute has a cycling mode share of under 3%. Bass Consulting has three design objectives for this cycling revitalization. They are to increase the school’s cycling mode share, reduce collisions, and decrease car trip emissions. This will be accomplished by adding two kilometers of bike lanes, site plan redevelopment, and intersection signalization redesign
325	Civil	Load bearing legends limited (LBLL)	Rising sea levels pose geotechnical and structural integrity challenges affecting the coastal community residential houses. The team has selected Cape Cod, Massachusetts, USA, as a case study to analyze our innovative solution. Load Bearing Legends Limited (LBLL) is creating a universal solution to mitigate these issues by retrofitting properties with a house lifting method that will utilize a helical pile foundation system. This system will increase adaptability towards climate change and reduce the number of people displaced along coastal waters
326	Civil	ZINC consulting	A local developer has retained ZINC Consulting to design a four-storey overbuild for an existing structure at 388 Phillip Street. The project aims to maximize return on investment by repurposing the existing structure, and incorporating timber framing and flooring for cost-effective and sustainable construction. The design will address structural integrity, lateral load resistance, and modern functionality while ensuring compatibility with the existing building. ZINC Consulting will deliver a solution that optimizes space and performance for future office use
327	Civil	JBARZ Inc	The harsh climate in Nunavut leads to food scarcity due to the poor growing conditions and high cost of imported groceries. These primarily indigenous communities need a long-term, future-proof solution that ensures food autonomy. To address this problem, JBARZ Inc. aims to provide a solution that allows for local populations to have a sustainable and reliable food source by designing a prefabricated greenhouse that is self-sufficient and climate resilient
328	Civil	Water warriors	The Water Warriors project aims to develop a modified trench drainage system to manage increasing surface runoff caused by climate change. The design balances hydrological performance, cost-effectiveness, and durability while seamlessly integrating into existing infrastructure with minimal disruption to daily operations. The design process incorporates structural analysis, hydrological modeling, and construction feasibility while carefully considering site constraints, material selection, and stormwater diversion capacity. The final product will be a robust and efficient trench drain system that minimizes environmental impacts and construction costs
329	Civil	Pass the JAMM	Pass the JAMM proudly presents an innovative wildlife overpass on Hwy 11/17, designed to enhance ecological connectivity and reduce wildlife-vehicle collisions. Our Arched Steel Buried Bridge, constructed using durable corrugated steel, ensures structural efficiency and longevity while seamlessly integrating with the natural landscape. This sustainable infrastructure project prioritizes safety for both motorists and wildlife, promoting biodiversity conservation. By engineering a resilient and adaptable crossing, we contribute to a greener future, fostering coexistence between human transportation and natural habitats.
330	Civil	Transit unlimited Ltd	Southwestern Ontario is projected to become a major population and employment hub shortly but is poorly served by existing transit services. Transit Unlimited is designing Canada’s first all-electric regional rail line to meet the area's transportation needs, providing sustainable and reliable service for years to come
331	Civil	Renewabuild	The northern Ontario First Nations community of Eabametoong, Fort Hope, has been struck by a devastating fire that destroyed its only school, impacting the education of over 300 students. The community requires the prompt rebuilding of this school with a fire-resistant solution paired with Indigenous values. Renewabuild proposes to do this by seamlessly integrating modular construction, incorporating innovative materials such as SIN Beam, and constructing a versatile building that will serve as a school and a communal focal point fostering unity
332	Civil	Simple storm solutions	Climate change has resulted in more severe and frequent weather events, such as tornadoes, putting millions of lives at risk. Our team has created a semi-permanent modular tornado relief shelter to be deployed in a 200 km zone in Tornado Alley. The shelter aims to safely house underprepared residents from as large as an EF2 tornado. While keeping residents safe, the shelter aims to be sustainable, easily transportable, allow for quick assembly, and have the ability to be reused several times
333	Civil	Ergot syndicate consulting	Ergot Syndicate Consulting is designing the adaptive overbuild of St. Mary’s General Hospital in Kitchener, enhancing the hospital's emergency ward healthcare infrastructure. The project involves a two-floor vertical expansion of the East Wing, while maintaining operational flow and safety during construction. After a period, the space will be repurposed into a long-term care facility. The project features a structural and floor-plan design.
334	Civil	Summit solutions	Summit Solutions is designing a three-story extension for the Minota Hagey residence at the University of Waterloo to increase on-campus housing capacity. The upper floors will incorporate study rooms and lounge areas, while an overpass will link the extension to the existing building, ensuring seamless access to shared amenities. This project aims to enhance student collaboration, optimize space utilization, and improve campus living conditions. By expanding residential infrastructure, the development will provide a functional, accessible, and well-integrated housing solution for students.
335	Civil	WERA consulting group	The lack of marine infrastructure in Nunavut has caused inefficiencies, high costs, and restricted opportunities for economic development, particularly in the offshore fishing sector. For decades, the Hamlet of Qikiqtarjuaq has advocated constructing a deep-sea port in their community. In response, WE R A Consulting Group is proposing wharf and site designs for the Qikiqtarjuaq Deep Sea Port, a key project aimed at supporting northern marine trade corridors and unlocking economic potential in the region
336	Civil	BAAM consulting	Waterloo's housing crisis, driven by rapid population growth and slow construction, has increased housing unaffordability for many individuals and families. BAAM Consulting proposes a six-story timber residential building on municipally owned land, aligning with Waterloo’s “Housing Accelerator Fund.” The design will mainly focus on modular/panelized construction methods as they offer predictable costs and faster builds. This offers the City of Waterloo a repeatable solution that provides affordable housing for low- and middle-income families while helping Waterloo meet increasing housing demands
337	Civil	Nile consulting	Ever dreamt of a house you can snap together like LEGO? Our project brings that idea to life with a resilient modular housing initiative in Fort McMurray. These flood- and fire-resistant units can be assembled anywhere, anytime, in any configuration, offering a sustainable, flexible, and rapid housing and disaster recovery solution
338	Civil	S-QUAD consulting	This project explores the adaptive re-use of the elevated track (ET) of the Line 3 Scarborough Rail Transit (SRT), transforming it into a vibrant linear park and active transportation corridor. By repurposing the ET, the project aims to enhance urban sustainability, increase green space, and improve connectivity for cyclists and pedestrians to the new Scarborough Centre Subway Station.
339	Civil	JJND Inc	JJND Inc., an engineering firm specialized in transportation, is improving a key Kitchener corridor from Homer Watson Blvd at Block Line Rd to Manitou Dr. The project prioritizes safety at some of the region's highest-collision intersections, while also aiming to reduce traffic delays, enhance sustainability, and support active transportation. Key upgrades include a Continuous Flow Intersection, lane modifications, and signal optimizations
340	Civil	Built-to-Built	The high frequency of incidents between wildlife and vehicles along County Road 2 in Stormont, Dundas, and Glengarry County is addressed in this initiative. A precast concrete wildlife overpass is proposed to improve habitat connection and traffic safety. Mostly intended for white-tailed deer, the bridge incorporates fencing and natural vegetation to direct animals across safely. This solution lowers collision-related costs by minimizing environmental disturbance, promoting biodiversity, conforming to sustainability objectives, and improving the coexistence of drivers and wildlife
341	Civil	The reinforcements	The Reinforcements address the homelessness crisis by creating a sustainable housing solution for a major encampment in Waterloo. "Wee Casa" is a three-story modular complex with a community center, designed to improve the quality of life for over 100 people. Utilizing lightweight timber framing, solar panels, and accelerated construction techniques, the project embodies the Four Horsemen of Innovation: Vision, Precision, Agility, and Power. This innovative design aims to provide immediate relief, long-term sustainability, and foster a sense of community for residents transitioning to stable housing
342	Civil	Retalize consultants	In response to Canada’s mental health crisis, ReΦtalize Consultants proposes the development of a mental health treatment and research facility at Parking Lot L on the University of Waterloo campus. The proposed design employs novel methods to reclaim structural steel components from decommissioned industrial facilities to reduce construction waste. Moreover, ReΦtalize Consultants engages the expertise of Elder Bill to prepare an architectural design which earnestly promotes Indigenous reconciliation. This innovative project will allow the University of Waterloo to become a world-class mental health research institution
343	Civil	Mathunesh and Co	Canadians are currently facing a housing crisis with low affordability and availability, especially in areas near universities, driven by the surge in population growth. Mathunesh & Co. proposes an innovative design for sustainable low-density housing. Using sustainable construction materials as alternatives to traditional materials, such as green concrete and bamboo, and efficient building systems designs to meet certification criteria such as LEED, our student residence building design aims to balance comfort with sustainability for all post-secondary Canadian students.
344	Civil	structure_py	Structure.py will elevate your design with the development of a program which, through generative AI, completely automates the design of steel hangars in Ontario with only two inputs: building location and dimensions. Python will read the input and select the structural elements which use the least material while meeting regulations outlined in the OBC and NBC. The member outputs from Python will then be fed into SAP2000 for a comprehensive structural analysis. Structure.py is excited to revolutionize the future of hangar design.
345	Civil	ModBuilds	"Community Housing Solution for Ontario" Modbuilds is developing a community Housing Solution for Ontario focusing on designing a sustainable, modular housing complex to address the housing crisis for low-income and struggling families and individuals in Ontario. The proposal emphasizes cost-effectiveness, rapid modular construction, and environmental sustainability. The mass timber apartment utilizes primarily cross-laminated timber (CLT) panels, which provide enhanced structural performance while remaining cost-effective. The design will comply with National Building Code of Canada (NBCC) standards
346	Civil	Rock Solid Inc	The University of Waterloo has reported consecutive multi-million-dollar deficits over several fiscal years. Increasing student enrollment could generate additional tuition revenue to help offset these deficits, while expanding the J.R. Coutts Lecture Hall (RCH) would provide the additional lecture space required to accommodate a larger student body. ROCK SOLID INC meets this challenge with an innovative, quick-erect modular design utilizing timber and steel, adding a floor to RCH while minimizing the expansion’s impact on the campus’ physical and carbon footprint.
347	Environmental	A^3 consulting	A^3 Consulting has created standard Agrivoltaic designs and development plans that can be applied to various farmlands in Alberta. This project involved researching and recommending crops and animals that could be integrated easily within solar farm design. A site design that balances renewable energy production with environmental stewardship was created using the recommendations. Results identify strategies that accommodate social, environmental, and economic sustainability in developing future solar farms
348	Environmental	Water wizards	The Thunderhill Ranch pastures in the Marion Creek watershed have undergone substantial ecological changes due to water management practices. Primarily, the deteriorated culverts and the construction of drainage ditches have disrupted the natural water flow in the system, destroying the onsite wetland. This project aims to prepare a design that modifies the existing landscape to improve and restore the ecological health of the wetlands and channels, which have historically served as a habitat for the local wildlife and allowed for fish passage
349	Environmental	STAMS consulting Ltd	In response to the severe water crisis in Gaza, humanitarian relief is urgently needed to ensure reliable access to clean drinking water. STAMS Consulting presents the Rapid Water Treatment Solution Initiative, deploying innovative, portable, solar-powered desalination units. These units, designed for rapid deployment, provide a reliable and scalable water supply. The initiative aims to improve health outcomes and guarantee access to clean water for displaced communities, transforming the region into a beacon of resilience and hope amidst adversity.
350	Environmental	Eco Energizers	With growing concerns about climate change, the drive for industrial decarbonization encourages hydrogen production as a low-carbon fuel. Water electrolysis generates hydrogen from renewable energy sources, also called green hydrogen. Eco Energizers are designing a renewable generation facility with wind and solar to produce green hydrogen. This project aims to operate the hydrogen plant without grid reliance to meet an annual production requirement and reduce overall costs. The renewable energy system will be designed alongside an energy storage system to meet these goals.
351	Environmental	Organomission	Organomission is developing an improved organic waste management system designed for use in the Region of Waterloo to address its growing population and maximize the benefits yielded from waste streams. This project aims to allow the city to implement promising technology that aligns with Canada’s sustainability objective to reduce emissions. This project will provide several ancillary benefits to the industrial and agricultural sectors by leveraging the diverse capabilities of anaerobic digesters and biogas.
352	Environmental	BioWinners consulting	Nitrous oxide is a potent greenhouse gas with 300 times the global warming potential of carbon dioxide, estimated to make up ~60% of the carbon footprint of municipal wastewater treatment plants. Despite its significance, research in this space is relatively new and few solutions exist. BioWinners Consulting (BWC) is partnering with Halton Region to design a site-specific N2O mitigation solution. By leveraging advanced modelling, BWC is optimizing treatment processes and minimizing emissions, positioning Halton Region as a leader in sustainable wastewater management
353	Environmental	Well wishers	As groundwater is pumped out of the subsurface to support the development of quarries, engineering plans must be implemented to offset the hydrogeological effect on the surrounding environment. Team Well Wishers was tasked to design a well injection system to re-inject water into the subsurface. The complexity of the problem lies in satisfying two critical conditions: the design must minimize the drawdown of nearby municipal drinking water wells while maintaining the water table elevation within the quarry site at a fixed elevation.
354	Environmental	Contamination remediation association	A train derailment occurred on a mountain valley in Alberta, releasing 10,000 gallons of gasoline. The spilled product has infiltrated the soil and groundwater, and is flowing downstream toward the Athabasca River, located at the valley's base. CRA has taken on the task of designing a comprehensive soil and groundwater remediation plan, incorporating biosparging and pump-and-treat techniques. The process was modelled to confirm the effectiveness of our proposed solution
355	Environmental	Flame and flood consultants	The Village of Ruidoso, New Mexico, has experienced severe wildfire and subsequent flooding over the past 10+ years, with heightened recurrence risks due to climate change effects. Post-wildfire rainfall can exacerbate sediment transport and overland flow velocities, threatening downstream infrastructure and drinking water treatability in Ruidoso. Flame & Flood Consultants propose a rapidly implementable, economical, and sustainable solution to mitigate these threats and safeguard downstream communities. This includes technology selection, impact modeling, laboratory testing, and implementation planning.
356	Environmental	Waste WaterLoo solutions	Due to the growing population, the anaerobic digesters at the City of Barrie Wastewater Treatment Facility are operating at capacity and unable to meet future demands. Waste WaterLoo Solutions proposed upgrades to improve the efficiency and performance of the solids handling process and meet the objective of 60% volatile solids destruction in the digesters for the design year of 2051
357	Environmental	AquaLiving Inc	The Cooksville Creek Watershed is located in the core area of the City of Mississauga, which has experienced severe flooding caused by 100-year rainfall events in July and August 2024. The AquaLiving team is designing a sustainable stormwater management solution with Low Impact Development (LID) implementation, through the industrial hydrologic modelling software PCSWMM. This will promote flood resilience for future storm events and minimize city landscape disturbance
358	Environmental	G&G consulting	G&G Consulting understands the need and value of mining for precious metals. However, climate change has resulted in increasing tailings disasters, mainly due to permafrost melting. G&G Consulting believes that further tailings treatment to remove potential heavy metal contamination is essential for the mining industry moving forward. As such, an end-of-pipe tailings treatment system for Lead-Zinc tailings has been designed for a case study mine located in the Yukon to limit the negative impacts on the surrounding environment
359	Environmental	MApLE Ltd	MApLE Ltd. proposes a climate-responsive retrofit design for small, medium, and large archetype office buildings in Toronto, Ontario. Utilizing innovative bio-based materials within the building envelope, this project focuses on reducing operational and embodied carbon emissions and increasing the building’s climate resiliency. This retrofit design will integrate principles of circularity and sustainability to optimize building performance under a future global warming scenario of 3.5°C
360	Geological	DADS consulting	Burgundy Diamond Mines Ltd are actively mining the Sable Kimberlite deposit at Ekati Mine in the Northwest Territories as an open pit and are transitioning to an underground below this location. DADS Consulting has been retained to assess the geological and structural conditions of the north wall in Sable Pit and design an optimal portal for the underground. Several alternative models are generated to evaluate tunnel stability, culminating in a final design of the most cost-effective and safe portal
361	Geological	Solutions TBD	Robert Service Way is a thoroughfare of Whitehorse, Yukon. It is adjacent to an unstable escarpment prone to localized failures during the spring thaw. Shallow earth slides and mudflows threaten traffic and local trail networks. After detailed site characterization, Solutions TBD proposes combining geohazard mitigation strategies to reduce landslide risks and consequences
362	Chemical	SmartDose	SmartDose is a next-generation epinephrine injector designed to enhance emergency drug delivery. Unlike traditional EpiPens, it features biometric authentication and a modular design, allowing for easy needle and vial replacement. By improving accessibility, reducing waste, and ensuring precise dosing, SmartDose offers a cost- effective, reusable alternative for anaphylaxis treatment.
363	Chemical	B-Solid - Process development and plant design for solid-state battery production	Lithium-ion solid-state batteries are an emerging alternative to the traditional wet-electrolyte batteries used in today’s electric vehicles. They offer longer lifespans, faster charging times, and improved safety, driving a major push in the industry. Despite this, there are currently no mass production facilities for solid-state batteries. Our project focuses on developing, designing, and modelling a large-scale manufacturing process for solid-state batteries that is both technically and economically feasible to meet growing demands of the EV sector.
364	Chemical	Oxygen generating hydrogels for diabetic wound healing	Today, wound treatment options for diabetic patients are plagued with slow healing times and heightened risks of infection due to poor circulation, reduced oxygen supply, and chronic wound development. Our Capstone design project aims to develop oxygen-generating hydrogels for diabetic wound healing. The selected solution is a gelatin- based oxygen-generating tissue adhesive hydrogel, made by synthesizing thiolated gelatin (GnaSH) with dopamine (DA) and calcium peroxide (CaO2).
365	Chemical	Direct-Li	The rising global demand for lithium-ion batteries is exposing inefficiencies in the industry standard for lithium extraction. The current method uses evaporation ponds in an expensive, lengthy process and has serious socio- environmental consequences for nearby communities. Our proposed design is a continuous two-stage Direct Lithium Extraction process, which will use nanofiltration and ion pump separation to extract 20% more lithium per kilogram in 50% of the time compared to industry standards
366	Chemical	Polymer recovery from textile recycling - Weaving a new lifecycle	Our project focuses on developing a sustainable solution to textile waste by recovering valuable polymers from cotton-polyester blended clothing used daily. We explore an innovative dissolution process using NaOH/Urea solvent to separate cellulose from polyester. We optimized conditions for effective separation through experimental trials and simulated a plant scale recycling process using ASPEN Plus. The environmental and economic viability of the process was assessed, offering an eco-friendly alternative to conventional textile disposal methods that prioritizes circularity in the fashion industry
367	Chemical	Emission capture for battery nail penetration testing	Battery nail penetration testing evaluates battery safety by analyzing the conditions when the battery becomes damaged, usually fire and high temperatures. Damaged batteries also produce toxic gases such as carbon monoxide, but current nail penetration equipment does not analyze the gas emissions despite the information being valuable to battery manufacturers. Our project aims to design and test a system to capture gaseous and particulate emissions from nail penetration testing to evaluate the potential danger to human health and the environment.
368	Chemical	Design of ammonia - hydrogen combustion system for sustainable energy production	In recent years, ammonia has been considered as an energy storage medium. This design aims to provide a way to sustainably support peak electricity demands by using a mixture of hydrogen and ammonia as fuel in a gas power plant. Key components of the design include a partial cracker to convert some ammonia into hydrogen, the generation of electricity through a gas turbine, and a NOx abatement system
369	Chemical	Design of a nanomaterial membrane system for arsenic removal in drinking water	Arsenic contamination in water sources is a significant concern for the Yellowknives Dene First Nation community. This project focuses on designing a nanomembrane water filtration system to address this issue while prioritizing energy efficiency and cost. The goal is to create an efficient, reliable, cost-effective system with well-designed membranes and optimized system configurations. Through detailed modeling and performance analysis, this project aims to develop a practical filtration system that delivers safer drinking water to affected regions
370	Chemical	DNA-based identification system for carbon capture systems	Carbon capture is increasingly becoming feasible for industrial processes to reduce carbon emissions. This project aims to develop a novel identification system for tracking captured CO2 in liquid form. This will involve a DNA- based system that directly encodes a unique sequence for each batch of CO2. This project involves designing and sizing equipment for injecting and extracting DNA, and considerations for cleaning the equipment involved
371	Chemical	Delta zero	Our project optimizes a CO₂ gas-fed electrolyzer by modeling heat transfer and electrochemical performance across varying pressures, temperatures, and humidity levels. Using a Pareto front approach, we employ multi-objective optimization to maximize energy efficiency while minimizing cost. A PID control system, implemented via Arduino, regulates inlet and outlet conditions at the anode and cathode using four pressure, temperature, and humidity sensors. By maintaining ΔT ≈ 0, we stabilize performance and extract key enthalpy data, providing researchers with important insights into system energy balance
372	Chemical	Fertilizer runoff filtration system	Fertilizers are formed using nitrates, which can be carried off the fields in runoff water into creeks and streams, which flow into the local water systems. When high levels of nitrates enter lakes and ponds, they can allow algal blooms to form, which are destructive to the local ecosystem and can be dangerous to nearby populations. Our project uses a polymer-based filter placed into creek beds near farms to adsorb excess nitrates and prevent algal blooms
373	Chemical	Improving the separation of contaminants from recycled fibers in stock prep process	The world generates 72 million tonnes of cardboard annually, accounting for 17% of global waste. Our project aims to optimize the recovery of valuable cardboard fibres and contaminants removal during the stock preparation stage of paper recycling plants in the Greater Toronto Area (GTA). This improved process increases the fibre content in recycled cardboard production, leading to higher product yields. Additionally, the approach reduces energy consumption and raw material usage, making it a more sustainable alternative to current practices
374	Chemical	ThermoSolar - Smart heat regulation for solar performance	As new trends and technologies in photovoltaics emerge, the demand for efficient solar farms grows. Overheating panels, especially in hot climates, lead to significant power generation losses. The ThermaSolar Project addresses this challenge by designing a closed-loop heat exchange system that optimizes solar panel surface temperatures. This design increases energy output, enhances system efficiency, and supports sustainable energy solutions.
375	Chemical	FOAMTASTIC - Polystyrene repurposing to reduce landfill waste	Polystyrene (PS) is a versatile plastic known for its high strength, and as a result, it takes many years to degrade. This project aims to design a PS recycling process to reduce and repurpose PS waste by simulating its conversion into feedstock through pyrolysis. Pyrolysis thermally degrades plastic in the absence of oxygen. This approach promotes sustainable waste management, reducing environmental pollution, and promoting a circular economy.
376	Chemical	Plastic waste to blue hydrogen - A model for sustainable production	Canada generates over 3 million tonnes of plastic waste yearly, with only 9% recycled. Most of this plastic waste ends up in landfills or polluting the environment, highlighting an urgent need for sustainable solutions. Our project designs and simulates a hydrogen production plant, converting plastic bottles into blue hydrogen through pyrolysis, steam reforming, water-gas shift reactions, and a carbon capture system. Our approach aims to reduce plastic waste, promote sustainable energy, and contribute to Canada’s 2050 Net-Zero goals.
377	Chemical	Development and optimization of a polylactic acid polymerization reactor	Our Capstone project aimed to develop and optimize the production of high-molecular-weight Polylactic acid (PLA), a highly versatile biodegradable polymer used in medical applications, additive manufacturing, and many other industries. Our project used a computational multi-physics approach to simulate the fluid dynamics, polymerization kinetics, and thermal dependence of the PLA reaction mechanism together in a unified model. This model has been applied to a wide range of geometries and allows for optimizing reactor designs and operating conditions.
378	Chemical	Aquacycle - Smart home water recycling system	To tackle the problem of water scarcity, our team aims to reduce the amount of municipal water used in typical apartment units in Singapore. To do this in an environmentally friendly, yet affordable and simple way, our design exploits the humid climate in Singapore by collecting water from rain, HVAC condensation, and dehumidification. This water can then be integrated into the home water supply after filtration and UV disinfection using our smart home system throughout the home.
379	Chemical	Modular water treatment plant for 6 nations of the Grand river	This project aims to provide clean drinking water for the Six Nations of the Grand River, a community of 13,000 residents enduring a boil water advisory. This will be achieved using a modular water treatment plant, employing ultrafiltration and reverse osmosis membrane filters to meet Ontario's drinking water regulations. The unit has been optimized to maximize the clean water output while limiting capital cost.
380	Chemical	DLC - Dynamic Leaching Control for black mass recycling	Our project aims to develop a process for recycling black mass (shredded end-of-life batteries) while focusing on a control strategy to manage disturbances such as dynamic feed composition. This approach seeks to improve product recovery efficiency, reduce downtime, and address the challenges associated with current limitations in black mass recycling. While the technologies in this field are advancing, the available options remain limited in application and efficiency. By optimizing the process, we aim to contribute to a more sustainable and effective recycling solution.
381	Chemical	NaCl-alter - Desalination of groundwater in Gabura Union, Bangladesh	Gabura Union, in Bangladesh, faces water salinity issues due to rising sea levels, with groundwater conductivity levels of 2060-3190 μS/cm, far above the WHO water quality limit of 750 μS/cm. Current desalination methods are costly and inaccessible to rural areas. This project investigates a sustainable and small-scale solar still desalination system. The proposed design is composed of a water basin with a glass cover, enhanced with stilts and mirrors to direct sunlight onto its metallic base, improving heat transfer efficiency and desalinated water throughput.
382	Chemical	AlCO2 - Aluminium-CO2 reduction flow cell for energy generation	Greenhouse gas emissions are a critical challenge to overcome in the current world. AlCO2 aims to develop an Aluminium-Carbon Dioxide cell to meet the energy storage demands, carbon dioxide reduction and utilization. This design involves aluminum, CO2, copper-coated cathode, and potassium hydroxide electrolytes for CO2 reaction, which produces electricity and achieves net-positive carbon reduction. Scaling up this design for industrial application would significantly impact greenhouse gas reduction efforts and support net-zero carbon goals
383	Chemical	Thermoregulation of outdoor ice rinks via phase change heat reservoirs	Naturally-cooled outdoor ice rinks are vulnerable to unseasonable temperature increases which are increasingly common due to climate change. Those short-term thaws can cause premature rink closures. Our solution employs a phase-change thermal reservoir, pre-cooled by ambient air during cold weather, which absorbs excess heat through a heat exchanger network to maintain the rink’s temperature during thaws. This approach could reduce reliance on traditional refrigeration systems, cutting energy usage and operational costs while preserving rink functionality throughout the season.
384	Chemical	Breaking down barriers - Bioengineering pathways to dissolve plastics	With Canada generating over 3.3 million tonnes of plastic waste annually and only 9% being recycled, sustainable plastic alternatives are essential. Our project utilizes the bacterium Cupriavidus necator to convert plastic-derived feedstocks into Polyhydroxybutyrate (PHB), a biodegradable plastic. We assess PHB production scalability, economic feasibility, and environmental benefits by integrating Flux Balance Analysis (FBA) for metabolic optimization and SuperPro Designer for industrial simulation. This innovative approach aims to reduce plastic waste, cut greenhouse gas emissions, and support Canada’s circular economy through viable, cost-effective industrial implementation
385	Chemical	Bio-inspired wind turbine modification	This project enhances wind turbine efficiency via a bio-inspired winglet retrofit, increasing power generation by disrupting tip vortices. It explores manufacturing and material costs and energy savings for optimal performance. QBlade and SolidWorks are used for aerodynamic analysis, 3D modeling, finite element analysis, simulating material behavior, and optimizing winglet design. RETScreen Pro is used to conduct energy costing analysis and evaluate economic viability. This project aims to contribute to sustainable energy goals while improving cost- effectiveness
386	Chemical	Renewable natural gas production through biogenic CO2 capture and conversion	This project seeks to evaluate the conversion of 7,700 tonnes per year of vented biogenic CO₂ from Escarpment Renewables’ proposed renewable natural gas (RNG) upgrader into additional RNG through the Sabatier reaction. This process involves the catalytic reaction of CO₂ with hydrogen under controlled conditions to maximize methane selectivity and CO₂ conversion. Aspen Plus simulations optimized a combined reactor and heat exchanger configuration for enhanced efficiency. Comprehensive economic and emissions reduction analyses further support the project's clean energy objectives and sustainability goals
387	Chemical	Real time dosimetric patch for safer radiation therapy	19% of Canadian cancer patients receiving radiation therapy have experienced healthy tissue damage from inaccurate beam targeting. Our real-time dosimetric patch is placed around the tumor in areas that should receive no radiation, so if exposed, a reaction triggers a visible color change to indicate misalignment instantly. This feedback prevents further harm to patients because it enables clinicians to correct errors immediately. Our solution enhances treatment accuracy by refining the gel’s formula through optimized concentration levels.
388	Chemical	Beyond the battery - extracting power from waste in Al-air batteries	Our Capstone project examines the feasibility of extracting additional power from aluminum-air generator waste. The aim is to complete potential incomplete reactions and utilize a PEM membrane to react with dissolved hydrogen. An effective design could increase usage efficiency, reduce energy waste, and advance sustainability of aluminum-air battery technology, making it a more competitive and viable battery option for many applications.
389	Chemical	PlastAway pods - Improved biodegradable and water soluble films for detergent pods	While water-soluble detergent pods are legally classified as "biodegradable", there are concerns about the validity of this claim with an estimated 10,500 metric tons untreated by wastewater systems every year in the United States alone. This project aims to improve the biodegradability of polyvinyl alcohol (PVOH) films by substituting and dilifying PVOH in these films. The project evaluates these solutions according to thermophysical properties, verified by DSC and tensile testing, biodegradability, assessed through simulated composting, and ultimately water solubility
390	Chemical	Team cyclone	Cardboard is a material that is universally used and recycled, being a reliable container material. At the end of its use, you can typically find these Old Corrugated Containers (OCC) in recycling bins worldwide, but they can bring many contaminants like metal, plastic, food waste, to name a few. Our project aims to design an economically- feasible OCC recycling plant in Virginia that challenges the current cardboard recovery efficiency while advancing sustainability efforts for a greener future.
391	Biomedical	Cognify	Mild Cognitive Impairment (MCI) is an early indicator of dementia, yet traditional diagnostic methods are often inaccurate, expensive, and require clinical administration. Cognify was developed as an accessible, at-home cognitive monitoring tool for individuals under 65, integrating language, memory, and eye-tracking assessments through interactive digital tasks. By analyzing trends over time, Cognify provides users and healthcare providers with objective insights, enabling early health intervention. This approach bridges the gap between clinical assessments and everyday cognitive health monitoring, making early detection more practical, personalized, and proactive.
392	Biomedical	Personal healthcare management system	This Capstone project aims to create a personal healthcare management system where users can securely upload, store, and manage their health information in the standardized FHIR format. Using RAG and LLMs would provide a user-friendly data query tool that summarizes and delivers valuable insights on medical terminology and longitudinal trends. This solution promotes patient autonomy and is particularly useful for those with limited access to general practitioners and other more sophisticated healthcare systems.
393	Biomedical	NeuroShield	Concussion underreporting remains a critical issue in hockey due to the absence of a fast, accurate evaluation method. NeuroShield is an innovative sideline device designed specifically for young adult hockey players that harnesses eye-tracking technology to quickly and reliably assess head impact symptoms after they occur. By employing infrared cameras, an LCD screen, and a dedicated phone app, NeuroShield conducts precise smooth pursuit and fixation tests on the fly. This enables sideline staff to be promptly alerted to head impact symptoms, effectively curbing underreporting
394	Biomedical	Akneeable team	Akneeable team is designing a rehab device for Total Knee Arthroplasty Patients. It mechanically assists them to improve in a Range Of Motion exercise on day one after surgery. This will improve clinical outcome and reduce postoperative pain, as is motivated by early and high-intensity rehab studies.
395	Biomedical	BP-insight	Post-stroke patients face elevated risks from unpredictable blood pressure fluctuations, which can lead to recurrent strokes. We are developing a comfortable, continuous, cuffless blood pressure monitor that uses an optical sensor to estimate blood pressure in real time. Our AI-driven solution empowers patients to understand and manage their blood pressure while providing clinicians with personalized, actionable data to reduce the risk of subsequent strokes
396	Biomedical	Sound Sleep	Sound Sleep addresses sleep disruption in children with epilepsy through an innovative closed-loop auditory stimulation device. With real-time detection of slow-wave brain oscillations, the technology delivers precise, phase- targeted bursts of pink noise to optimize the restorative properties of sleep. As a result, this intervention improves sleep quality and cognitive functioning in children with epilepsy. The take-home device offers families an accessible and non-invasive approach to managing sleep challenges, supporting children's daily performance and cognitive development.
397	Biomedical	EyeDentify	Concussions are a growing concern in sports, and timely, accurate detection is crucial to ensure player safety. EyeDentify introduces a portable concussion assessment tool designed to provide fast, objective evaluations right on the sidelines without the need for medical personnel. Using a VR headset paired with a smartphone, the tool guides athletes through simple eye movement tests to identify potential signs of concussion quickly. By delivering immediate, reliable feedback, EyeDentify enhances player safety and prevents premature return-to-play
398	Biomedical	EZG	Misplaced ECG leads affect up to 64% of cases, leading to false diagnoses in 24% of patients. Our project aims to develop an AR-based training device that ensures accurate ECG electrode placement by referencing bony landmarks across diverse patient physiques. Using Unity and iOS, our mobile solution provides real-time feedback to trainees, enhancing learning efficiency and reducing variability in placement. By replacing traditional training with an interactive, standardized approach, we are addressing a critical gap in ECG education for healthcare professionals.
399	Biomedical	RENAL - MicroRobot enhanced navigation and localization	Magnetic microrobots are soft micro-scale robots capable of travelling through tight junctions and vessels within the human body to deliver drugs at any location, using magnetic actuation for movement. One promising area of focus is kidney stone removal. While current treatments are invasive, prone to recurrence, and can result in harmful side effects, drug-loaded microrobots can dissolve kidney stones with minimal invasiveness. RENAL leverages computer vision, pathfinding, and 3D modelling to assist urologists with navigating microrobots within the renal system
400	Biomedical	Brava	Ankle injuries caused by overuse, including Achilles tendinopathy, are the most common injuries seen in professional ballet dancers, and are challenging to heal and characterize properly. Brava aims to help dancers and their physiotherapists make data-driven decisions about their ankle injuries. Utilising markerless motion capture via computer vision, this tool classifies and counts a dancer’s movements, enabling them to set individualized training thresholds and receive feedback as they approach these limits. Brava supports dancers by focusing on their artform instead of their injuries.
401	Biomedical	Smart Splint	SmartSplint focuses on developing customized, 3D-printed finger splints for individuals with deviation at the distal interphalangeal joint due to osteoarthritis. Our objectives include joint stabilization, pain reduction in everyday tasks, and maintenance of functional mobility. Users capture finger measurements via a smartphone-based scanning app for a personalized fit. A parameterized 3D model enables rapid customization, providing an end-to-end solution that supports users throughout disease progression. Our team strives to provide a comfortable, lightweight splint that empowers users to engage in their daily routines.
402	Biomedical	Artomix	Professional mouth painters push the limits of creativity, but their craft comes with intense physical challenges. Relying entirely on their neck and jaw for precision, they endure neck pain and fatigue, often exacerbated by traditional easels that fail to accommodate their needs. Our ergonomically designed easel changes that. With automated height, translation, and tilt adjustments, the voice-controlled easel minimizes discomfort while maximizing control. Seamlessly adapting to each artist empowers them to create without limitations—because nothing should stand between an artist and their vision.
403	Biomedical	Pneumo Guide	Lung diseases are the second leading cause of hospitalization in Canada. A chest x-ray is currently the standard method of diagnosis for such conditions, but it is expensive, not portable, and exposes patients to harmful ionizing radiation. Despite being cheaper, highly portable, and transmitting zero radiation, ultrasound is underutilized mainly due to a lack of trained personnel. Pneumo Guide provides an augmented reality solution to guide inexperienced ultrasound users towards correct probe placement for lung exams.
404	Biomedical	NanoLens Therapeutics	Current treatments for uveitis, like eye drops and injections, are ineffective and invasive, making disease management challenging, leading to poor adherence and inadequate control. The drug-eluting contact lens provides a non-invasive, sustained-release solution that delivers the medication directly to the eye over time. Our project ensures consistent drug levels, reducing the need for frequent dosing and improving patient compliance. By enhancing treatment effectiveness and convenience, our contact lens aims to prevent vision loss, reduce inflammation, and improve the quality of life for uveitis patients
405	Biomedical	Achillex	Our design aids patients recovering from Achilles tendon ruptures by facilitating plantarflexion and dorsiflexion rehabilitation exercises at home. It offers adjustable resistance to support progressive rehabilitation, collects and displays user-progression data on an accompanying mobile app, and is size-adjustable. This device aims to enhance patient adherence to therapy, track user recovery and improve communication between patients and therapists, supporting effective rehabilitation without compromising accessibility. This project addresses the need for a supportive, adjustable, and data-driven rehabilitation journey
406	Biomedical	PIVotal	Peripheral intravenous (PIV) insertions are hospitals' most frequent invasive operation. However, PIV dislodgement is widespread, with failure rates of 35 - 50% and upwards of approximately 70%. PIVotal aims to reduce PICC dislodgement rates in the forearm location and protect the PIV site. At the same time, it ensures that patients remain comfortable and that nurses can access and view the PIV site as needed. PIVotal consists of a patch placed over the PIV site and a dome secured overtop to achieve this.
407	Biomedical	MSense	Our project is a wearable sensor system for individuals with relapse-remitting multiple sclerosis to detect and alert for incoming fatigue. Using motion data, temperature, pulse oximetry, and other biomedical measurements, an individual's fatigue on the VAS scale can be calculated in real time. With a machine learning model and phone application, the user will be updated with their predicted fatigue ratings a few hours in advance to help them track their bouts of fatigue and plan their day more effectively
408	Biomedical	Smart Spacer	Respiratory clinicians often face challenges when adjusting treatment plans for pediatric asthma patients due to several factors. Children may be uncooperative, and current methods for evaluating conditions are largely subjective. Smart Spacer seeks to address these challenges by engaging children in their own care and equipping clinicians with quantitative metrics on medication usage and breathing. With integrated sensors and an engaging, interactive platform, Smart Spacer combines real-time monitoring and data-driven insights to effectively support children, parents, and clinicians in managing pediatric asthma.
409	Biomedical	THermoTrek	HemoTrek presents a compact, efficient, and user-friendly blood viscometer designed to diagnose Hyperviscosity Syndrome (HVS) in clinical settings. HVS is a serious medical condition characterized by abnormally viscous blood, which can lead to severe complications such as organ dysfunction and neurological impairments. Early detection and continuous monitoring are crucial for effective treatment; however, current viscometry tools are time-consuming and dependent on centralized laboratory testing, causing delays in patient care. HemoTrek provides clinicians with a point-of-care solution that delivers real-time viscosity measurements to enable timely interventions.
410	Biomedical	WheelSafe	WheelSafe is a system designed to mitigate backward tipping in manual wheelchairs, lowering the risk of serious injuries such as head trauma and spinal cord damage. It uses Inertial Measurement Unit (IMU) sensors to detect backward falls in real time and subsequently triggers a solenoid-based mechanism to stabilize the wheelchair. This design ensures quick response time, energy efficiency, and minimal interference with regular wheelchair maneuvers. WheelSafe enables users to navigate curbs and uneven terrain while maintaining their independence by striking a balance between safety, mobility and independence.
411	Biomedical	NeuroGuard	We are developing a comfortable, wearable headpiece for nightly use that utilizes real-time EEG monitoring and IMU positioning data. This innovative device detects high-risk seizure positions associated with SUDEP and wakes the user only when necessary, providing greater peace of mind and reducing anxiety. EEG recordings are stored in a mobile app, allowing users to securely share data with medical professionals for enhanced care and monitoring
412	Biomedical	Peritoneye	Peritonitis is a common and painful infection for peritoneal dialysis patients. The present standard for early detection of peritonitis relies on visual detection of cloudy waste fluid, which can cause a delayed response to life- saving treatment. We have engineered a spectrometry-based approach to detect elevated levels of white blood cells in patients’ waste fluid, enhancing patient safety, reducing hospitalization costs, and improving the accuracy of early-warning alerts
413	Biomedical	RFAI	Radiofrequency ablation (RFA) is an ultrasound-guided procedure for treating thyroid tumours. However, the current technique presents several real-time challenges for tracking the tumour due to patient movement and limited tissue contrast. RFAI seeks to enhance the RFA process by incorporating a machine learning model that outlines the residual tumour tissue in real-time. This innovation aims to simplify the procedure, improve patient outcomes, and encourage broader adoption among physicians, ultimately making this less invasive treatment more accessible to patients.
414	System Design	SnapSync	Diagnosing cognitive disorders like Alzheimer's is challenging due to the absence of clear physiological symptoms. Existing diagnostics rely on subjective observations and self-reporting. Correlating the brain's physical degradation against cognitive disorders needs to be studied. SnapSync closes this gap. It synchronizes neuroimaging with cognitive test results, correlating brain activity with human behavior. This enables researchers to study cognition and the physiological aspects of cognitive disorders more effectively.
415	System Design	Ventech	Ventech builds smart vents that enhance Heating Ventilation Air-Conditioning (HVAC) systems. The vents intelligently redirect airflow, ensuring even heating and cooling distribution in homes. Each vent is equipped with a miniature airflow harvester and indoor lighting-optimized solar panels, removing the need for battery replacements. An infrared temperature sensor eliminates the need for room-specific thermostats, reducing setup time and cost. The vents are wirelessly controlled through a simple web interface. This solution significantly decreases energy consumption, improves comfort, and reduces costs for homeowners
416	System Design	Ocean Agriculture Robotics (OAR)	Ocean Agriculture Robotics (OAR) is designing a semi-aquatic robot to harvest rice on an ocean floating farm designed by Alora. Ocean agriculture will minimize the need for freshwater and land to plant and harvest the world's most important crops such as rice. About 3.5 billion people around the world need rice. OAR is building and testing a prototype to verify the analogous system to the floating farm. Robotic traversal of a hexagonal grid is the primary focus of OAR
417	System Design	Fridge Friends	Sick of food going bad in your fridge? Fridge Friends revolutionizes how household food inventory is managed. The tool uses computer vision to track the fridge's inventory, and uses gas sensors to alert users prior to food spoilage. These real-time insights are delivered to users via a mobile app. The goal of the project is to empower individuals to take control of their food consumption and reduce the environmental impact associated with wasted groceries.
418	System Design	WHEREable	Individuals with hearing loss often struggle to determine where a sound originated from, which can impact road safety and situational awareness. WEARable is a wearable device that identifies sudden loud sounds (like a car horn or a siren), determines the origin of the sound, then alerts the user to its direction. It consists of a receiver worn on the head, and a band that can be worn on the arm/leg that is outfitted with small motors which vibrate to indicate the direction of sound
419	System Design	Rubble Rescue	In earthquake-prone regions, building structural failures often lead to people being trapped under rubble, complicating search and rescue efforts. This project aims to design a system for search-and-rescue teams to streamline the search processes of earthquake victims trapped under collapsed buildings, by allowing them to locate victims with higher confidence and communicate the location details. Rubble Rescue is a sensor network system equipped with accelerometers, microphones, and speakers, that employs acoustic triangulation algorithms to swiftly locate survivors, providing real-time feedback for efficient operations.
420	System Design	Braille buddy	Braille is a unique tool used by individuals who are visually impaired. Braille increases users' brain stimulation, improves understanding of grammar and spelling, and creates opportunities for employment and education. Only 10% of students who are visually impaired are learning braille, in part due to limited access to trained teaching staff. Braille Buddy is a tablet application powered by computer vision. It offers auditory reinforcement as students trace their fingers along a braille book, enabling independent learning anytime, anywhere.
421	System Design	Aerial Vision	Aerial Vision is a scoring solution for trampoline gymnastics. The judging tool automates manual and sensor-based scoring by applying computer vision techniques to videos of competition routines. The annotations of each scored component - execution, difficulty, time of flight, and horizontal displacement - is presented to provide accessible, specific, and unbiased athlete feedback aligning directly with International Federation of Gymnastics judging criteria. Without the constraints of installing sensors or requiring multiple officials, Aerial Vision lowers financial and material overhead for local competitions and daily training
422	System Design	Flare	During a high-rise residential fire, firefighters have limited information about the situation until they arrive at the scene. Similarly, residents are often unaware of the severity of the fire and hazardous zones, putting them at risk. Flare is a proof-of-concept environmental sensing system designed to monitor and display fire progression information to both emergency response and residents during a fire event. Flare's network of sensors tracks key fire indicators, providing critical information for as long as possible in fire environments.
423	System Design	WalkWise	We are designing an ambient gait monitoring device and accompanying app to be used by older adults and their family members who seek to understand the older adult's evolving functional ability and wellbeing as they age while living independently. The device is placed on the floor and measures clinically relevant gait metrics through vibration data. This serves as a tool for older adults to track changes in their health while allowing their caregivers to know when to check up on them or get additional help
424	System Design	ErgoGrip VR	ErgoGrip VR is a bimodal tabletop Oculus virtual reality controller tailored for Spatial.io applications - a collaborative virtual platform. ErgoGrip VR design is an ergonomic and user-friendly VR controller for elderly individuals experiencing limited finger mobility and muscle degradation. This two-module controller comprises a joystick for navigation within Spatial and a button module for left and right field-of-view rotation, as well as interactions such as waving in the VR application.
425	System Design	Octave	Octave, our digital piano practice assistant, is tailored for students aged 5-11 at Royal Conservatory of Music levels 1- 3, addressing the common issue of ingrained errors due to repetitive, incorrect practice. This tool enables beginners to identify and correct their mistakes by providing personalized piano practice suggestions; increasing practice efficiency and teaching healthy practice habits
426	System Design	PhysioPal	Injuries to the anterior cruciate ligament (ACL) in the knee pose challenges in rehabilitation attributed to underutilized or inadequate rehabilitation practices. PhysioPal is an affordable at-home monitoring tool that will allow patients and physiotherapists to actively track the progression and efficacy of ACL injury rehabilitation treatments. To achieve this, electromyography (EMG) sensors in combination with a local and web app are used to provide real-time biofeedback and intuitive data visualizations to permit quick access and quantifiable evaluation of performance and progress
427	System Design	SafeCycle	Safe Cycling is designed to enhance cyclist safety. Equipped with a camera-based vehicle detection system, it operates by analyzing real-time data. When it identifies an approaching vehicle from the rear, SafeCycling triggers visual and haptic feedback mechanisms to notify the cyclist of potential danger. This device will give the cyclist a heightened awareness of one's surroundings
428	System Design	Brain Safe SYDE	Sports are essential for physical and cognitive development, yet concussions in contact sports pose serious health risks. Brain SafeSIDE is developing an athlete-worn device that collects vital data like acceleration and impact location. It alerts players, coaches, and parents to potential traumatic brain injuries, enabling prompt medical attention to reduce further harm and the risk of neurodegenerative diseases. The product features an IMU- integrated skull cap with pressure sensors for data collection and transmission and a dashboard to display the data
429	System Design	SubwAY	SubwAY automated inventory management at Subway restaurants by utilizing weight sensing and computer vision technologies. The system detects the item and recognizes if a re-supply is needed
430	System Design	Reflect	On average, 12% of clothes in closets go unworn annually with a 60% increase in clothing purchases over 15 years, fueling environmental issues like greenhouse gas emissions, water pollution, and textile waste. Reflect is a clothing recognition system that captures a user's outfit with a camera mounted on a personal mirror and catalogs them in an app, creating a virtual wardrobe. The system tracks the usage frequency of each clothing item, highlighting the items that are less used to encourage responsible and sustainable consumer habits
431	System Design	Algist	Cyanobacteria, or blue-green algae, can have the potential to produce cyanotoxins, posing a threat to drinking water safety. Traditional monitoring is often insufficient, as it relies on visual observation of surface scum. Algist uses distributed in-situ sensing, telemetry, and algorithmic change detection to map and characterize algae dynamics in a drinking water reservoir. Our real-time data collection and change detection sentinel system measures chlorophyll-a and phycocyanin, direct biomarkers of algae proliferation, to alert reservoir managers and researchers of high algae presence in an area
432	System Design	SMARt Grid	Many of Canada's remote communities, burdened by the environmental impact and logistical difficulties of diesel generators, seek a shift to cleaner energy alternatives like nuclear power. However, the challenge lies in matching diesel's flexibility and economic viability. SMARt Grid hopes to bridge this gap by introducing a controller to allow Small Modular Reactors, a cutting-edge nuclear technology, to more closely meet fluctuating energy demands. In addition, our modelling system simulates SMR integration with microgrids and showcases how this can be a feasible solution for remote communities.
433	Nanotechnology	Altrigen - Self healing edible produce coating	Food preservation has been a concern of human societies since antiquity. Yet developments in food preservation have stagnated in the face of a rising demand for them. Altrigen is an edible food coating that consists of self-healing alternating layers on top of a nano-enhanced conventional polymer substrate. The synergy of these components results in the final coating being able to heal after experiencing physical damage, without compromising on water or oxygen permeability
434	Nanotechnology	A+ blood typing	Approximately half of Canadians will either require, or have a connection to someone who will require, a blood transfusion in their lifetime. However, only 4% of Canadians donate, resulting in a shortage of blood. Since many do not know their blood type, this creates a reliance on O- blood. To stunt the consumption of Canada's low O- supply, we have developed a rapid blood typing device for emergency responders that utilizes optical immunosensing and requires minimal blood volume to determine a patient's blood type.
435	Nanotechnology	Depression recognition empowered by advanced molecularly imprinted polymers (DREAM) sensors	Major Depressive Disorder (MDD) affects 280 million people globally, introducing significant changes in a patient's quality of life. MDD is currently diagnosed by patient-physician interviews which are prone to biases and misdiagnosis. Using polymer films designed to trap and measure a depression-linked biomarker, DREAM Sensors provides a quantitative measurement to supplement diagnostic procedures. This information can provide mental health specialists the tools to assess the severity of the condition, as well as the ability to track a patient's response to treatment
436	Nanotechnology	adZrd	The adZrb product revolutionizes wastewater treatment by combining 3D printing with advanced material science. It features a high surface area aerogel structure embedded with an electrochemically synthesized, zirconium-based Metal-Organic Framework (MOF), UIO-66, optimized for heavy metal removal. This innovative design significantly increases the efficiency of adsorption, providing a rapid, effective, and sustainable solution for purifying industrial and municipal wastewater. adZrb's unique approach not only promises enhanced performance in contaminant removal but also offers a cost-effective, environmentally friendly alternative to conventional methods
437	Nanotechnology	Battery winter guardian	Within the looming energy crisis, EVs provide a way for consumers to reduce their emissions and dependency on fossil fuels. Unfortunately, subarctic climates are troublesome for lithium-ion batteries, resulting in up to 30% capacity loss. We developed a wax-based insulation layer infused with carbon nanoparticles that aids in warming up the battery and retaining its warmth. We exploit the energy released when wax reaches its freezing point to keep the battery warm while the nanoparticles provide a mechanism to heat the system using resistive heating.
438	Nanotechnology	MicroSeize	In Canada, 89% of plastics end up in landfills or as litter, where they break down into microplastics, a concern for human, animal, and ecosystem health. Existing microplastic removal systems in wastewater treatment plants are only effective on microplastics larger than 20 um in size. MicroSeize aims to develop a scalable methodology to capture the microplastics that other methods leave behind using functionalized iron oxide nanoparticles which adsorb onto the plastics, allowing them to be trapped from the wastewater stream magnetically
439	Nanotechnology	TESTbright - the testosterone test kit that lights up	As overall interest in fitness soars, testosterone monitoring has become more relevant than ever. Unfortunately for fitness enthusiasts, checking testosterone is not always accessible, quick, or private. TESTbright is a breakthrough kit designed to tackle these problems. It includes a pin prick needle for blood collection, a microfluidics device for precise blood component separation, a CLIA well for accurate testosterone measurement, and a web application for quick and private results. TESTbright makes testosterone monitoring effortless and accessible, revolutionizing personal health management in the fitness world.
440	Nanotechnology	SPARC - A self cleaning photovoltaic anti reflective coating	Solar energy is one of the fastest growing renewable energy sources. Nevertheless, solar panel efficiency is hindered by surface dust accumulation. Manual labour is the current method for contaminant removal; however, it is costly and time-consuming. Our solution, SPARC, is a self-cleaning photovoltaic anti-reflective coating made from alumina at a low cost and exceeds the current industry standard of light transmission on uncoated solar cells. With our scalable fabrication process and extended lifespan, the coating will remove impurities upon rainfall from solar cells everywhere
441	Nanotechnology	Flexible piezoelectric supercapacitor for powering wearable GPS devices	Alzheimer's disease is a leading cause of death in the United States. To address the challenge of unpredictable wandering of Alzheimer's patients, risking severe injury or going missing, we designed a flexible polymer-based piezoelectric supercapacitor which seamlessly integrates into insole wearable GPS devices for Alzheimer's patient tracking. Our design leverages the piezoelectric effect to harvest and store energy from natural movement, minimizing the need for external charging, ensuring uninterrupted support for caregivers and enhancing the safety of Alzheimer's patients
442	Nanotechnology	PathoSense	Surgical site infections are responsible for up to $10 billion in US health care costs annually. Currently, physical examination is the primary diagnosis criteria for infection. This results in delayed treatments and increased complications. PathoSense is a non-invasive sensor utilizing a DNA hydrogel to detect the early biomarkers of infection while actively counterattacking bacterial growth by releasing antimicrobial agents. Our sensor provides healthcare professionals with an accurate tool to actively track the onset and progression of infection, and administer early, effective treatment.
443	Nanotechnology	Ethersense	Currently, there are no methods to non-intrusively measure the current flowing through automotive ethernet wires (PoDL standard) without compromising signal integrity. Ethersense is a compact and non-intrusive current sensing connector that wirelessly logs data into a remote server and microSD card. Our device takes advantage of a custom indium antimonide-based micro-hall sensor to sense a wide range of current values passing through the ethernet wires. It aims to aid R&D within the autonomous vehicle industry for Advanced Driver Assistance Systems which require rapid data transfers.
444	Nanotechnology	MedSens - Intrabody force sensing advancement for medical probing	Revolutionizing precision in intrabody tissue probing - our design seamlessly integrates advanced force-sensing into endoscopic sheaths. Force control in surgery is crucial, as even small, improper forces on tissue can lead to tissue damage. MedSens overcomes this limitation with cutting-edge thin-film force sensors in medical probes, ensuring unmatched accuracy, a sleek profile, and remarkable flexibility. Leveraging innovative UV-laser microfabrication techniques, we achieve cost-effective strain gauge customization. Real-time force quantification marks a pivotal advancement for safer and more precise medical procedures, reducing the risk of adverse events.
445	Nanotechnology	SensaLac - A DNA based lactate biosensor	Athletes, especially weight trainers, are susceptible to muscle injuries as a result of overtraining. A good indicator of muscle exertion is an increase in sweat lactate levels. Our DNA-based sensor uses a hydrogel patch to collect sweat and outputs lactate levels using a photodetector. The novelty of this sensor lies in its non-invasive and painless approach to lactate sensing. With its overarching objective to enhance fitness training plans, individuals can proactively adjust their regimen, mitigating the risk of overtraining and optimizing overall performance
446	Nanotechnology	CompostalFoam	In a world shifting towards more sustainable options for single use plastics, the packaging industry is one area that is lagging behind. Products like Styrofoam have been the industry standard for over 65 years yet are not recyclable and take up a lot of room in landfills. Our product is a nanocomposite foam made from poly(lactic acid) (PLA), which is renewably made from fermented biomass and can be composted at its end of life, while still exhibiting a comparable performance to industrial Styrofoam
447	Nanotechnology	Hera Analytics	Follicle Stimulating Hormone (FSH) and Luteinizing Hormone (LH) play key roles in the menstrual cycle, both peaking 24-48 hours before ovulation. Current reproductive hormone testing involves invasive blood sampling with long lab wait times or requires expensive commercial devices. Our point-of-care device offers a non-invasive, saliva- based alternative, using a polymer-coated test strip to accurately measure FSH and LH concentrations. Our design advances reproductive hormone sensing by offering women+ access to lab quality testing and data anytime
448	Nanotechnology	Thermoelectric device for renewable power generation	Our project introduces a cutting-edge Thermoelectric Generator (TEG) employing doped semiconductor material within a Toyota Corolla exhaust system. This design efficiently captures wasted heat, addressing automotive energy inefficiency. The doped semiconductor material enhances conversion rates, maximizing electricity generation from heat. Our TEG offers sustainable on-the-go charging for phones and batteries while mitigating emissions. Its seamless integration into existing automotive infrastructure signifies practicality and environmental consciousness, marking a significant advancement in energy recovery systems for vehicles
449	Nanotechnology	Intoxi Sense - A multiplex lateral flow assay for THC and ethanol detection	Despite the growing legalization of marijuana and alcohol prevalence in Canada, there is still no portable device which can detect THC and ethanol as per the government's driving regulations. Our project will function as a point- of-collection drug screening tool. IntelliSense is a multiplex lateral flow assay designed to identify THC and ethanol in saliva. THC detection uses quantum dots functionalized with antibodies, while ethanol detection relies on a colorimetric chemical reaction. Our design enables rapid on-site detection of these analytes
450	Nanotechnology	GeneDetek - An electrochemical biosensor for genetic mutation detection	The rising prevalence of mental health issues in our modern world underscores the challenge of prescribing drugs where individual responses can widely differ. Research has indicated genetic mutations as a precursor to variable drug uptake, emphasizing the importance of obtaining such information for accurate diagnosis and treatment. Our proposed solution utilizes an electrochemical biosensor with a modular probe, enabling the identification of genetic information derived from saliva samples. This innovative approach promises enhanced diagnostic precision aligning with the emerging era of personalized mental health care.
451	Nanotechnology	GeIRx	Despite the best efforts of medical professionals, surgical site infections and invasive wound infections are leading causes of death for post-operative and burn patients, respectively. GelRx is a multifunctional hydrogel bandage that aims to improve the health outcomes of such patients. The bandage utilizes an integrated colorimetric pH sensor to signal infection to healthcare providers and addresses infection through antibacterial zinc oxide nanoparticles. The GRx hydrogel inherently supports the healing of damaged tissue by preventing moisture from escaping, absorbing wound exudate, and reducing bacterial contact.
452	Nanotechnology	eNergy - Sustainable power storage for everyday life	With the growing demand for sustainable energy solutions, sodium-ion batteries offer a promising alternative to lithium-ion batteries. Lithium-ion batteries struggle with recyclability and are created using expensive, limited resources. Sodium is abundant, environmentally friendly, and easily recyclable. eNergy's sodium-ion battery uses an "anode-free" design to maximize its energy density. It's an affordable and competitive choice to reduce the environmental harm of everyday devices
453	Nanotechnology	Microscopic analog signal processing	Digital computers have inherent limitations in precision which lead to inaccuracies when processing analog signals. We propose a novel Micro-Electro-Mechanical-Systems (MEMS) based time-to-frequency-domain device to eliminate digitization in analog signal processing. This microscopic device performs an electromechanical time-to- frequency-domain signal transform by harnessing the resonant frequency response characteristics of MEMS structures. The time-to-frequency-domain device targets applications in fully or partially analog computing, security, frequency-shift sensors, on-device signal processing, and other high-sensitivity electronics
454	Nanotechnology	ImmunoScope	2% of the world's population is immunocompromised, these individuals require consistent monitoring of their immune system through a white blood cell count. However, current methods of counting white blood cells require expensive, heavy and immobile equipment which must be performed by trained personnel. With ImmunoScope, a hand-held microfluidic device, allows for a white blood cell count within 5 minutes. ImmunoScope can be utilized in areas with struggling medical infrastructure as well as doctors without borders, for a quick and effective count on the go
455	Nanotechnology	NanoPure - Solar powered nanoparticles for sustainable water purification	Our device utilizes nanoparticles to convert non-potable water from rivers, lakes, and oceans into drinkable water. When exposed to sunlight, these nanoparticles release intense bursts of heat, evaporating water at the nanoscale. The water vapor, free from pathogens and contaminants, is then condensed in a separate tank. This solar-powered process eliminates the need for energy costs associated with water heating, providing a sustainable method for producing potable water from sunlight alone
456	Nanotechnology	Nitinol and impact detection in protective neck braces	Neck braces are a leading option when considering the prevention of cervical injuries in athletes. The design project aims to include an additional layer of protection in a team-designed brace by introducing an impact detection and a nitinol wire system that activates upon collision, providing support when required and remaining flexible during normal use
457	Mechatronics	Symphonic	Symphonic is a wearable silent communicator. Simply mouth out what you want to say, and it does the dictation and vocalization for you. Symphonic will unlock expression for individuals with difficulty vocalizing, and enable new experiences with natural language applications
458	Mechatronics	ToxiTrack	We are building a wearable IoT device for wildland firefighters to collect data on air quality during forest fires. This data will be used to assess potential health impacts to the firefighters, in addition to supporting eventual research on effective PPE designs
459	Mechatronics	SnoMo	SnoMo is an autonomous ice-resurfacing robot designed to tackle the challenges traditional ice-resurfacers face. It offers an affordable, effective, and easy solution for maintaining high-quality ice rinks, both indoors and outdoors. By employing a smart vision system Snomo can tackle even the most unique rinks and challenging conditions, guaranteeing a high quality ice finish every time. With its compact size and adjustable features, it is small enough to take with you on the go! For more information, please check out the SnoMo Project Website: https://24capstone.wixsite.com/my-site-1 <https://24capstone.wixsite.com/my-site-1>
460	Mechatronics	Pippins	Residential home flooding due to pipe failures is a common issue across the world. The aftermath of a pipe burst can be very costly with an average insurance claim estimated at $12,000. With this project, our team attempts to mitigate flooding damage by developing a system that can detect and respond to pipe bursts. The monitoring is done through flow estimates, and the user is alerted via an app about any abnormalities. The water supply can be turned off by command or upon a timeout.
461	Mechatronics	Flashed	Flashed is an automated system for monitoring indoor climbing gyms for route changes and facility updates. Our computer vision algorithm automatically detects new bouldering problems and their grades to keep climbers up-to- date on their local gyms and plan their training accordingly. The versatile camera mount is designed to seamlessly integrate into most commercial gyms. With our accompanying app, we also aspire to be the go-to social platform for the climbing community to connect about their shared passion for the vertical realm!
462	Mechatronics	Carpi	Carpi, derived from the Latin term for 'wrist,' represents our commitment to addressing the challenges of hand and wrist injuries. Our motivation stems from witnessing and experiencing ongoing struggles in physiotherapy, especially in a hectic life where hands are essential. We are developing a mechatronics solution to monitor and promote adherence to physical rehabilitation programs. With a focus on individualized needs, Carpi aims to alleviate difficulties in managing intensity, repetitions, and overall engagement with hand and wrist physiotherapy
463	Mechatronics	SmartSip	Introducing SmartSip, the ultimate IoT solution for chronic dehydration. Over half of North Americans face health issues due to insufficient water intake. Current hydration trackers lack efficiency. SmartSip's data-driven design ensures precise monitoring, seamlessly integrating with everyday tech. This user-friendly smart water bottle provides consistent reminders, cultivating healthier hydration habits. Say goodbye to dehydration woes - SmartSip is here to revolutionize your well-being, offering a seamless and effective solution for users across North America. Join us on the journey to a healthier, more hydrated lifestyle
464	Mechatronics	Dream Nest Monitor	Research and articles have shown that there is a strong correlation between environmental conditions and sleep quality. However, a very obvious problem is that it may be hard to pinpoint exactly which conditions are affecting your sleep (you're in a subconscious state). Dreamnest Monitor seeks to find such correlations through analysis of various continuous sensor data to determine which conditions are affecting one's quality of sleep such that users may adjust their own environment
465	Mechatronics	The menopatch	Up to 80% of women across the world experience menopausal hot flashes, with 20% reporting them to be severely impairing. What is essentially a second puberty is highly stigmatized and under-researched. Our goal is to build a wearable cooling patch that can autonomously detect and alleviate symptoms of hot flashes to improve overall well being. The device, which can be adhered to any preferred part of the body, utilizes biometric sensors to detect oncoming hot flashes and a Peltier module to provide the cooling relief.
466	Mechatronics	AutoTrekker	Users distance themselves from their bulky mobility aids, increasing fall risks due to improper transfers. Our goal is to create a mobility aid that ensures proper positioning for simple and safe transfers via an autonomous walker capable of navigating around objects. Paired with a bracelet, the user will be able to call the walker to them at their own convenience.
467	Mechatronics	Alpha	Our goal is to create the next generation of medical robots designed to treat patients with lymphedema, a condition that affects 1 million Canadians. This condition results in severe swelling, especially in the arms and legs, causing discomfort, restricted movement, and irritated skin. Our robot arm is designed to massage the patient by gently moving the lymphatic fluid from the swollen areas in a safe, timely, and cost-effective manner, allowing them to live a happy, healthy, and pain-free life
468	Mechatronics	Elderly friendly smart cart	Introducing the Elderly-Friendly Smart Cart - an assistive grocery companion tailored for seniors. Designed to alleviate challenges from age-related mental and physical limitations, this cart offers in-store navigation to determine the shortest routes within the store, push-assistance to ease pushing of heavy loads, and on-cart scanning to enlarge item details. Streamlining the shopping experience, these features prioritize user comfort and accessibility, empowering consumers to navigate grocery stores with confidence. The Elderly-Friendly Grocery Cart aims to foster a more inclusive shopping experience for seniors in grocery stores.
469	Mechatronics	Apple Crisp	Apple Crisp aims to help high-rise building residents divert their organic waste from landfills. These compost dehydrators help promote sustainable living by turning food scraps into a shelf stable item that can be taken to composting facilities at later times. This system will address the issue of food waste management in regions that do not have accessible green-bin collection services
470	Mechatronics	Lynx locks	Elevate security with Lynx Locks, a cutting-edge mechatronics solution tackling inefficiencies in building and hardware access. Leveraging the FIDO protocol, our system seamlessly unifies keyless entry, ensuring cost-effective, secure, and user-friendly access management. Combining mechanical finesse with advanced electrical and software integration, Lynx Locks provides a robust solution addressing key pain points in current access systems. Unlock the future of secure and convenient access with Lynx Locks - where innovation meets unparalleled protection.
471	Mechatronics	Nudge	Nudge is a system designed to assist visually impaired individuals navigate busy urban settings. Aiming to fill the gaps left by the existing assistive technologies, Nudge focuses on alerting its users of potential threats moving towards them, in a discrete fashion. Using computer vision technology, users are alerted via a wristband that will vibrate as soon as a threat is detected, while also indicating the direction it is coming from. Through our project, we hope to help provide visually impaired individuals with an additional option for navigation
472	Mechatronics	Visionary	Communication is a major barrier for the deaf and hard of hearing community, with very few people capable of communicating using American Sign Language (ASL). Visionary seeks to enhance ASL learning experiences with the use of AR glasses to provide quick and accurate translation from ASL to text.
473	Mechatronics	FET-natics	Globally there are 25 million electric cars, and the space is rapidly growing with the number of vehicles doubling every 1.5 years. Despite this electric vehicle technology is still immature compared to the generations of development in the internal combustion engine space. Recognizing this gap the FET-natics team set out to design a very high efficiency EV traction inverter (motor controller) with the goal of beating industry in terms of power density and efficiency
474	Mechatronics	Watch your 6ix	Our project is a blind spot detection device to warn of oncoming hazards for cyclists. The device features a radar to detect objects surrounding the cyclist, and a camera used for live video feed to display to the user. Computer vision is used to process the objects and apply object recognition to determine if an object is benign or hazardous. A mobile app component supports the features allowing the user to view the visual warnings and live camera feed overlaid on a Google maps application
475	Mechatronics	CMD - Collapsible mobile device	CMD (Collapsible Mobile Device) aims to provide people with limited/no use of their legs the freedom to traverse obstacles faced by the average commuter. These conditions include bumps, single steps, inclined or unpaved surfaces, snow, and most importantly small staircases. Accessibility is a persistent issue on our campus and ramps or elevators aren't always available. CMD allows its users to overcome these challenges, ride in comfort, and take the same routes any other pedestrian would while also collapsing for storage when necessary.
476	Mechatronics	SaveOurSole	Our team is creating a hands-free communication device that fits inside a shoe and that can be discreetly activated by the user in order to send a distress signal by calling or sending text messages to contacts when the user is in an emergency or potentially dangerous situation.
477	Mechatronics	IndePlantent	IndePlantent is a project to help people who struggle to take care of their house plants. It is an automated system to grow plants in a home or office setting. It provides water and light, and reports on the plant's current growing condition to users. Further, it monitors the plant's health and uses this feedback to determine if and how much to adjust the resources it is providing the plant, ensuring the plant has the optimal conditions to live its best life.
478	Mechatronics	Spicetree	Introducing the Spicetree, an automated organizing system for effortless spice management. With a compact design, it accommodates up to 24 spices, dispensing up to 4 simultaneously via voice recognition or touchscreen control. This system promotes organization by monitoring spice inventory and providing custom combinations on demand. Featuring moisture-resistant storage, automatic refilling, and easy cleaning, it guarantees a hassle-free seasoning experience. Spice up your kitchen with seamless organization and unparalleled flavor possibilities!
479	Mechatronics	OSCAR	OSCAR is an autonomous unmanned surface marine robot that navigates to a drowning victim in open water and provides ergonomic floatation before bodily harm occurs. OSCAR fuses GPS data with thermal and optical camera data to autonomously navigate to the victim in daytime and nighttime scenarios. OSCAR broadcasts its location to nearby ships and rescue units using a standard automatic identification system, helping search and rescue teams quickly locate the victim to maximize the chance of survival.
480	Mechatronics	|AU|	The Solar Stillsuit is a tactical vest designed for emergency water filtration situations. Unlike other survival filtration products on the market, the Solar Stillsuit combines the maneuverability of a wearable design with the filtration power of reverse osmosis. Fueled by solar energy and augmented by a battery pack boasting a 194 Watt-hour lifespan, this device consistently delivers a reliable daily output of 6 liters of purified water
481	Mechatronics	Plant B	In a world where busy schedules often lead to unintentional neglect of our leafy companions, our team grapples with the challenge of rescuing cherished house plants while saving ourselves from the guilt of killing them. Our solution is to create a plant nanny that monitors soil moisture, automatically waters based on plant preferences, and adjusts UV light according to sunlight intensity to ensure optimal plant care. With this device, we shall turn every household into a guilt-free oasis of thriving greenery
482	Mechatronics	Hydro Cool	Hydro Cool is here to aid rural India's struggle against heat with a sustainable cooling mechanism. Engineered to combat rising temperatures, this user-friendly device ensures habitable conditions with measurable temperatures. Tailored for technologically limited communities, Hydro Cool provides easy integration and low maintenance. Powered by a combination of renewable energy and grid connectivity, Hydro Cool ensures uninterrupted cooling. Empower communities with Hydro Cool, the future of eco-friendly and accessible cooling in the face of climate challenges
483	Mechatronics	HydroTronics	HydroTronics provides an automated aeroponics system for personal use. With rising food costs a need has arose for better personal gardening systems. The HydroTronic system tracks and manages light exposure, Ph levels, nutrient levels, and growth rate. With the HydroTronic system you can have vegetables grown for you in your own home, saving you money and time
484	Mechatronics	BikeAware	BikeAware is a bike safety system which enhances rider awareness and reduces collision risks. Utilizing LiDAR technology and vibration motors, it alerts cyclists to approaching threats, promoting vigilance. The system includes a user-friendly turn signal switch, improving visibility for drivers and enhancing overall road safety. By integrating advanced features such as blind spot notifications and a rear turn signal light, this design effectively increases awareness for both bikers and drivers, fostering a safer coexistence on the road.
485	Mechatronics	VitaSonics	Acoustic stethoscopes have physical and auditory limitations such as distortion induced by the tubing/diaphragm, poor low frequency response and ambient noise. Furthermore, auscultation (the process of listening to chest sounds) skill has been on the decline and can vary between healthcare practitioners. We are designing a digital auscultation device that utilizes computer aided auscultation to screen cardiopulmonary conditions.
486	Mechatronics	Immunotron	Neurotron is an automatic vaccine injector that uses minimal human intervention to administer vaccines in patients as quickly as possible. It uses a gantry system to transport the vaccine from one point to another and utilizes a magazine system to position vaccines onto the gantry carriage. Additionally, Immunotron makes use of image processing to determine the position of the deltoid muscle on the arm
487	Mechatronics	Dynamic ankle support	Traditional ankle braces are stiff and static, which limits the wearer's range of motion and slow down recovery process. In order to solve this problem, our team's approach is to design an active ankle support that can prevent ankle re-injury during physical activity while encouraging wider, customized ankle range of motion
488	Mechatronics	Kite	Consider the following: Meishur: a novel Vertical Take-Off and Landing (VTOL) Unmanned Aerial Vehicle (UAV) designed for the inspection of high voltage power line insulators (HVPNL). Frequent and reliable inspection of the insulators prevents cascading electrical failures of the grid. By automating this manual process, our novel combination of VTOL capabilities and onboard Computer Vision (CV) allows for autonomous long-range operations. This makes the system well-equipped for year-round monitoring of critical electrical infrastructure. Thoughts? Learn more <https://kite.github.io>
489	Mechatronics	Micro tether management system	Observation class underwater remotely operated vehicles (ROVs) communicate with the surface through a tether. When entering tight spaces or maneuvering around obstructions, the tether can become caught on edges, creating tension and preventing the ROV from advancing. Group 44 aims to address this by creating a novel tether management system in partnership with Deep Trekker that will allow the ROV to move into these tight spaces and observe important details in shipwrecks, underwater caverns, and more!
490	Mechatronics	Golf Tom	As the current methods of transporting golf equipment across the golf course are not feasible for all, Golf Tom strives to make golf accessible for all. Golf Tom is a golf caddy that follows you on the golf course autonomously. Golfers can pair Golf Tom with their phone via Wi-Fi connection, and the caddy will follow the user throughout the course. Golf Tom uses the golfer's phone GPS and built-in local GPS to track and follow the user in real-time.
491	Mechatronics	MEDiCAL	Medication non-adherence, the practice of not taking one's medication as prescribed, is an issue affecting roughly 50% of patients with chronic illnesses. It leads to additional hospitalizations, increased healthcare expenditures and has adverse effects on patient health. Our device, the MEDiCAL seeks to eliminate medication non-adherence by ensuring patients get the correct medication at the correct time in the correct dosage. The device and its companion application work to remind patients to take their medication at the right times and disperse said medication.
492	Mechatronics	Poll-e	Poll-e is a robot which aims to provide an alternative to pollination for crops which depend on or are supported by insect pollination. As it drives autonomously down a row of crops, it uses image processing to locate all the flowers ready for pollination and moves its paintbrush-inspired end effector to transfer the pollen grains from the stamen to the pistil. While it's currently designed to pollinate lemon trees, this technology could be adapted to any plant!
493	Mechatronics	Fire Optics	Fire Optics is a visual system to help firefighters quickly identify signs of life at the scene of a fire. With the help of thermal imaging and a specialized, lightweight object detection model, Fire Optics accurately identifies individuals in low visibility environments. Essential information is relayed to the firefighter in real-time through a heads-up display. For more information, visit our website: https://brandon-goh.github.io/fire-optics-website <https://brandon- goh.github.io/fire-optics-website>
494	Mechatronics	Activate - Protect room concept	Our group is sponsored by Activate to ideate a new active gaming room concept. We present "Protect": a dodgeball inspired game with interactive projectiles, buttons, and colorful lights. Players are tasked with protecting the back wall from flying projectiles while completing various other tasks around the room. It's sure to get you active while having fun!
495	Mechatronics	Gamified occupational augmented therapy	The objective of this project is to improve therapy adherence for rehabilitation patients by "gamifying" rehab. This refers to creating a fun, inviting, and supportive environment that leverages elements of gaming to help patients accomplish their exercises. From research papers and guidance from professors, it was agreed upon that the solution shall integrate immersive technologies including VR to gamify rehab. The chosen solution for this project is a pair of VR gloves that offer sensory feedback to patients and assist with hand sensory reeducation exercises
496	Mechatronics	Hawaii robotics	We developed a custom robotic system for bimanual manipulation, prioritizing flexibility and adaptability in manufacturing environments. Leveraging developments in imitation learning, our system autonomously executes tasks learned from human demonstrations. It comprises an intuitive teleoperation setup with 'teacher arms' recording tasks and 'student arms' mimicking them. The system captures task trajectories and camera footage, feeding this data into an action transformer that generalizes to these tasks. The goal is to create an efficient, intelligent robotic solution enabling software-defined manufacturing, evolving and gaining capabilities over time
497	Mechatronics	Disc launching robot	We are building a revolutionary device for the sport of disc golf that can launch discs a distance of 300 to 500 feet. The launch velocity and spin can be independently controlled, up to 30m/s and 1350 rpm. This robot will allow repeatable real-world tests of discs at professional speeds and quantitative analyses of disc flight patterns. It will pave the way for more robust and precise testing and design in the disc golf industry
498	Mechatronics	Knee surgical solutions	We're building an AI/ML powered assistant paired with an electromechanical system to improve the speed, accuracy, and success of Total Knee Arthroplasty surgeries.
499	Mechatronics	PostureMax	This robot is an advanced assistant, designed to enhance workplace ergonomics. The core function of the robot is a posture analysis system, utilizing AI to assess and provide real-time feedback on the user's posture, aiming to treat and/or prevent lower back pain. Additionally, the robot houses environmental sensors that monitor air quality, humidity, and temperature, ensuring optimal working conditions. The robot features displays to provide feedback and a compact design which allows it to be an effective yet subtle addition to any workplace.
500	Mechatronics	Harrowing robot	Our goal is to bring robotics and automation into the equestrian world, where it is currently limited. The Harrow Robot is an autonomous equestrian riding arena raking robot that aims to reduce the amount of manual labor required around stables. The robot will eliminate the need for staff to drive tractors pulling manual harrows around the arena by automating the process and requiring no human intervention. The robot will be equipped with sensors to determine the robot's path by detecting the walls of the arena. As well the sensors will ensure that the entire arena is being raked and stop the robot for safety if anything enters its path. This project will not only improve the overall quality of the arena footing for equine riders but also eliminate some of the manual labor required when running an equestrian facility
501	Mechatronics	PolyCom	PoyKom is a cutting-edge event ticketing solution powered by cryptography and the Blockchain. By leveraging this technology, the solution will be able to undercut all major ticketing players by decentralizing the computing infrastructure needed, ensuring transparent and secure transactions such as reselling and fraud prevention, all while allowing for events to validate tickets at the door without the need for a stable internet connection
502	Mechatronics	Tempo Tapper	Tempo Tapper consists of a wrist-hand worn device with tap sensing fingerÂ sleeves for tracking rhythm and a software application for displaying results. The goal of Tempo Tapper is to provide a cheap, ergonomic and interactive way to practice rhythm while obtaining feedback.
503	Mechatronics	SensiTouch	Amputees face many challenges because the prosthetic hand often provides no tactile feedback to the users and no ability to sense pressure. The goal of SensoTouch is to give force feedback for prosthetic hands. SensiTouch is a sleeve that fits over a prosthetic hand and provides haptic feedback on the arm proportional to the force exerted on the sensors to help a user better control grip strength. Our hope is that SensiTouch will offer an inexpensive modification that extends the function of preexisting prosthetics
504	Mechatronics	SpinStop	SpinStop aims to increase the safety and efficiency of helicopter rescue operations by stopping the uncontrolled spin of hoisted payloads. Be it rescuers or injured victims, the SpinStop device can connect any rescue payload to existing helicopter hoists, then generate the appropriate counter-torque to completely stabilize the payload during hoisting.
505	Mechatronics	SparkTotrade	We're working on creating a clean energy trading platform where everyone can participate within the energy market directly. This means that they will be able to sell and purchase energy based on their demand and consumption, while interacting with a fully free market.
506	Mechanical	AscendTech	This initiative was focused on developing a lightweight, electrically assisted device tailored for individuals with mobility challenges. The device uses mechanical arms powered by a motor using an onboard battery to reduce the load on the user taking the cart up a set of stairs. This innovative solution streamlines the transport of daily essentials up and down stairs, combining ergonomic design and transportability with cutting-edge materials to enhance user independence, efficiency, and capabilities
507	Mechanical	Sensus	With the widespread use of smart technology, people with dual sensory loss (DSL or deaf-blindness) risk being left out. Our product aims to improve their accessibility to smart technology by creating an ultra-portable glove that allows users to seamlessly receive information from their smart devices. This innovative smart glove employs electro-tactile haptics to induce Braille sensations through electrical stimulations on the user's fingers, enabling those with DSL to access books, text messages, and any other media passively and portably, literally at their fingertips!
508	Mechanical	Lazy Buddy	Our project introduces an innovative solution to a common winter hassle in Canada: snow removal. Our goal is to develop a remote-controlled snow blower, revolutionizing how snow is cleared. With the ease of a controller and Bluetooth technology, users can effortlessly direct both the movement and chute of the blower from the comfort of their homes. This leads to a convenient, no-fuss method to tackle the daunting task of shoveling snow
509	Mechanical	 UWOMBAT	Polymetallic nodules are seafloor-based rocks containing metals essential for society's renewable energy needs. The mining of these nodules represents a multi-trillion dollar opportunity, but existing harvesting technologies are energy-intensive and disruptive to seabed ecosystems. WOMBAT (UnderWater Ocean Mining Buoyancy And Trim), together with Impossible Metals, has designed a ballast-driven buoyancy/trim engine for an autonomous underwater mining vehicle. The new system controls the vehicle's buoyancy and trim by selectively replacing processed nodules back to the seafloor, thereby reducing energy costs and facilitating ocean ecosystem repair
510	Mechanical	 FlexiFi	Traditional gym weight stacks pose challenges in transportation and cost. FlexiFit aims to address these issues and make home gym equipment more accessible. Using an innovative constant force spring array and smart controls, FlexiFit significantly reduces the weight of home gym equipment without compromising on workout quality.
511	Mechanical	 A.L.I.S	Current shielding methodologies for pipe welding involve purging and filling entire pipes with shielding gas before welding. This process is time-consuming, expensive, and resource intensive. Our solution, A.L.I.S (Automated Interior Localized Shielding) is a robot that drives into a pipe and shields welds using a rotating arm that follows the weld as it is performedâ€”dispensing argon gas from the interior of the pipe. The robot also allows for inspection of weld quality via a camera and can take images and videos as necessary
512	Mechanical	Co-zyBond	Co-sleeping is defined as when an infant and parent/guardian share the same bed. Although co-sleeping has some benefits, there are also risks if not practiced properly. This is where our product, Co-zyBond, comes into play. It is a smart mattress equipped with sensor technology in order to mitigate risks associated with co-sleeping, such as suffocation. With Co-zyBond, parents will be able to safely co-sleep with their child without the anxieties surrounding co-sleeping
513	Mechanical	miniVEC	Wave energy converters (WECs) convert the kinetic energy of ocean waves into electrical energy. Large WECs are currently deployed around the world to power electrical grids. miniVEC is a miniaturized wave energy converter designed to provide renewable electrical energy for portable marine devices, such as research buoys equipped with sensors for data collection. miniWEC enables long-term deployment of these devices in areas with turbulent waves and rough weather conditions.
514	Mechanical	Klean Kicks	Klean Kicks is the hassle-free way to keep your shoes fresh. Just slip them into the device when you get home, and within 30 minutes, you'll have a clean pair of shoes. Klean Kicks not only removes dirt and grime but also employs UV-C technology to sanitize, eliminating odor-causing bacteria. Designed for your everyday sneakers and running shoes, Klean Kicks is meant to seamlessly fit into your routine
515	Mechanical	 pAInt	The autonomous wall painting robot is an innovation designed to automate the process of painting walls in both residential and small-scale commercial settings. Equipped with advanced sensors, the robot can detect wall boundaries and obstacles precisely. It utilizes a customized painting system, capable of applying an even coating quickly and efficiently, making smart decisions to ensure a quality paint job in a fraction of the time. Its compact design allows easy transportation and operation, making it a reliable and simple solution
516	Mechanical	E-Wheelz	Using a manual wheelchair for prolonged periods of time and long distances is exhausting, especially for the elderly. We have designed an attachment which motorized manual wheelchairs which can be easily attached and detached to any type of manual wheelchair.
517	Mechanical	Montere	Montere is a modular espresso machine with easily swappable internal components, significantly decreasing the cost of upgrading or repairing home espresso devices, as well as reducing the amount of e-waste produced. This creates an affordable entry point into the world of home espresso which can grow alongside a customer's changing needs over time rather than being periodically replaced for increasingly larger sums of money, as exists in the current market.
518	Mechanical	 CrutchTech	The Crutch Tech project aims to revolutionize crutch design by creating a hands-free and comfortable alternative to existing options. Our crutch features a knee linkage mechanism mimicking the Gait Cycle, ensuring a natural walking motion for enhanced comfort while having the injured leg supported. The crutch attaches to the user's thigh to permit a hands-free experience with the crutch compared to conventional solutions
519	Mechanical	 PureFlow Ceramics	Access to clean drinking water is an ongoing issue in thousands of communities across Canada. Ceramic water filters are a proven effective solution for Canadian water systems, however they require frequent and labor-intensive cleaning which hinders widespread usability. Our innovation introduces a fully automated, self-cleaning ceramic water filtration system. By removing the need for regular maintenance, this system can extend its reach to a broader population, contributing to the effort to provide a greater number of Canadians with access to clean drinking water
520	Mechanical	Coil-wRaptor	Creating an automated winding system for Waterloop hyperloop project, coil-wRaptor ensures precise winding on single or multiple cores. Requiring minimal user input, it adapts to variable core sizes in three dimensions and handles diverse wire gauges. With a primary focus on precision, it provides a valuable tool for advancing research and development in the broader field of linear induction motors
521	Mechanical	The Under Cutter	The Under Cutter is a waterproof, electric angle grinder designed for a variety of uses in underwater environments. With an easily swapped blade, variable speed control, and a custom designed tool housing, it seeks to be a compact, easy to use tool for underwater abrasive cutting. Using a mix of off the shelf and custom-designed but easily manufactured components, this project seeks to create a standardized device for industries where existing solutions tend to be bulky, customized, and expensive
522	Mechanical	Turbulent Kombucha Brewing	In current industrial kombucha brewing methods, a common issue arises with the presence of residual, unfermented sugar. We're trying to improve the kombucha brewing process by introducing mixing using vortex rings
523	Mechanical	Sixth Sense	The group has developed a system to proactively detect potential upper body collision hazards and deliver haptic feedback to mitigate collisions. This system solves the need that exists for independent navigation for the visually impaired while reducing the occurrence of head-level accidents. Essentially, a sixth sense for the visually impaired
524	Mechanical	 Tetrix Sorter	Tetrix Kits are used by the MME department at the University of Waterloo to facilitate hands-on design experience in first year courses. At the end of each term, co-op students and teaching assistants in the department manually count, sort, and reorganize approximately 70 Tetrix kits each consisting of over 290 parts. This project aims to provide an automated solution to count, sort and organize Tetrix kits.
525	Mechanical	yesUca	yesUcan is a multi-tool for opening sealed containers. Whether that be a jar, can, or bottle, yesUcan assists the user in the process of opening by reducing the input force via gear relations, making it ideal for people who struggle to overcome the strength required to open these standard sealed containers. Being compact with no electrical components makes it convenient to store in your kitchen, and take it wherever you need it. Think you can't? yesUcan!
526	Mechanical	 Packer-Pro	The Packer-Pro seed handling system brings the herb and seed industry an automated solution to the tedious task of manually measuring and packaging seeds for retail sale. Utilizing both electronic and pneumatic control, the Packer- Pro system accurately processes bulk seeds into sealed packets in a fraction of the time required to do so manually
527	Mechanical	Automated Sensor Calibration	Teledyne FLIR has been performing manual calibration of a sensor package for a drone development project requiring human input. Our custom End-Effector seamlessly mounts the sensor package to a Kinova Gen 3 arm. The thermal calibration target enables visual and thermal inputs to calibrate the sensor package. Accompanying is the controls and automation software which map an optimized trajectory and 1-click calibration resulting in a 0.08 reprojection error
528	Mechanical	Chariot Mobility	The Chariot Mobility device is a one-of-a-kind custom mobility aid designed specifically for a client suffering from a spinal condition (Arnold Chiari Malformation) to assist with able-body walking tasks. Its lightweight standing frame and mechanical propulsion system were made to accommodate the client's physical limitations while also being safe and easy to use. The Chariot aims to address the lack of custom solutions for those suffering from unique mobility issues
529	Mechanical	Self-Extending Stilts	Have you ever wanted to instantly grow up to 3 feet? Perform for an audience and leave them in complete shock? Self-extending stilts is an exciting project that can be incorporated into any entrainment performance from circuses, festivals, trade shows or simply to impress your friends. Existing stilts lack the capability for users to adjust their height during use. This left an exciting possibility for a novel stilt walking act that could allow the performer to start at ground level and gradually elevate to obscure heights.
530	Mechanical	SunBrew Solar Kettle	The SunBrew Solar Kettle is a portable, lightweight, & sustainable solution to obtain boiling water when backpacking outdoors in the summer. It uses special parabolic mirrors to focus incoming solar radiation onto a specialized glass tube that houses up to 450 ml of liquid. From room temperature, you can enjoy boiling water for hot beverages or rehydrating food within two hours
531	Mechanical	 Fluid Mechanics Research Shaker	The purpose of this project is to conduct fluid mechanics research on sloshing dynamics in conical containers subjected to linear, oscillatory motion. Specifically, the flows on the free surface are of interest, and the aim a system to shake a conical container is necessary in order to capture and study the flow using cameras.
532	Mechanical	UWAFT LiftOff	The University of Waterloo Alternative Fuels Team (UWAFT) seeks to improve the accessibility of their current competition vehicle, a 2023 Cadillac LYRIQ. Current solutions for accessible vehicles only exist for larger vehicles such as trucks/vans. UWAFT LiftOff aims to create a system that alleviates the difficulty of transferring into small vehicles to improve their accessibility for low-mobility individuals
533	Mechanical	Thin Sheet Material Transfer Optimization	Addressing a major bottleneck in the electric vehicle industry for an industry sponsor by designing a new material storage and transfer solution for large thin metal sheets as well as optimizing an end effector design for automated handling. This solution targets reduction of downtime and scrap costs by lowering the amount of stored part deflection. It also improves transportation efficiency by utilizing more dense part storage
534	Mechanical	Goal Guard Guru	Foosball is a beloved tabletop soccer game requiring at least two people to play. The Goal Guard Guru is the solution that provides foosball professionals, enthusiasts, and newbies alike with the option to play by themselves while still maintaining popular aspects of the game. This new and improved foosball table is specifically designed for single-player fun for hours on end! Have no fear, the Guru is here!
535	Mechanical	Foreal VR Glove	With VR and XR technology reaching new heights, wouldn't it be even cooler if you could feel the virtual objects you're seeing? Most solutions are too expensive or bulky and simply inaccessible to most people. What if there was a device you could actually try out? A device compact and simple enough to be practical? Foreal VR Glove aims to be a lightweight, affordable and accessible solution that will allow users to feel like they are grabbing a virtual object in a virtual environment
536	Mechanical	FeelScript	Introducing "FeelScript" - revolutionizing accessibility for the visually impaired! Snap a pic of any text with your phone, and watch as our innovative technology transforms it into braille on the back of your device. Feel the words come to life with our tactile interface, providing an empowering reading experience. Seamlessly switch between words as the modules reset, opening a new world of independence and inclusivity. Feel the power of literacy at your fingertips with FeelScript - making language accessible, one touch at a time.
537	Mechanical	HEXA-Force	HEXA-Force is a novel six-axis mechanical loading platform aiming to revolutionize 3D imaging of biomaterials. The platform allows for precise application of large biomechanical loads in multiple simultaneous directions, allowing more accurate material characterization. Designed to mimic complex physiological loading conditions, HEXA-Force aims to advance the understanding of biomaterial behavior and bone-implant mechanics, making it a valuable tool in the field of orthopedic biomechanics and medical imaging research
538	Mechanical	Vibratory Bowl Feeder Designer	The project focuses on enhancing efficiency and reducing development costs in industrial automation for Vibratory Bowl Feeders. A streamlined design process utilizing simulations is employed, resulting in an efficient, cost-effective prototype with a simplified interface. The initiative aims to minimize design time and maximize operational efficiency in manufacturing environments
539	Mechanical	AutoSwap	AutoSwap is an innovative solution addressing the lack of automatic tool changers in collaborative robots, specifically for the Sawyer Cobot. Collaborative robots, designed to work alongside humans in manufacturing, often face increased cycle times and costs due to manual tool changes. AutoSwap addresses this by enabling automatic tool changes, merging the collaborative benefits of these robots with enhanced manufacturing efficiency. This technology promises to streamline operations where collaborative robots are employed, making them more cost-effective
540	Mechanical	Refrigeration Cycle Demonstration Unit	An in-class demonstration unit designed to show significant topics covered in Thermodynamics I & II that are not so easily seen in real life: refrigeration cycle, compressor work and efficiency, phase change in a valve (demonstrated through Schlieren imaging), latent heat addition/removal, and the interaction of a thermodynamic cycle with its environment. Usable in class settings, with minimal setup and secondary equipment required
541	Mechanical	Carbon Infinity Tech	Our Carbon Infinity Tech combines existing Direct Air Capture (DAC) of CO2 with mechanical principles to tackle the current climate crisis. This sustainable device, attached to a Light Rail Transit (LRT) vehicle, cleans the air by using the train's motion without any external power. It comprises an aerodynamic enclosure that houses adsorption cylinder beds containing zeolite. The increased air flow rate through the chamber results in an enhanced CO2 capture.
542	Mechanical	Presso	Presso is a coffee machine that lets you extract the perfect espresso shot, every time
543	Mechanical	Kelp Weight Tracker	An in-situ kelp weight measurement device for coastal kelp farmers in maritime regions to replace laborious and time consuming methods. This project focuses on creating a kelp farm buoy that utilizes waves to power on-board systems that measure the water level. This would then be correlated to the kelp weight. This device enables measuring the amount of absorbed carbon in kelp farms so that it expands our carbon sinks, in addition to land ones, against our fight for climate change
544	Mechanical	Ergo Injec	Ergo Inject is an advanced injection device designed to address the challenges of repetitive strain injuries caused by high force requirement needles. Featuring an ergonomic grip, button-controlled injections, and a lightweight, cord- free build, Ergo Inject offers a practical solution to medical needs while prioritizing precision and comfort
545	Mechanical	Sous-Bot	In a time where technology has progressed to create autonomy in daily tasks, it seems that the area of food preparation is yet to be pursued. Our design, the Sous-Bot, creates a more autonomous food preparation experience for those without the time or ability to prepare meals. The Sous-Bot requires the user to simply place their fruit, vegetables, or meats onto the cutting platform, and within minutes, the ingredients are cut into a specific style, as requested by the user
546	Mechanical	Cookie Dough Dynamo	Cookie Dough Dynamo is partnering with The Crumby Cookie Dough Company to streamline their cookie dough production process by replacing their manual scooping and packaging operation with an autonomous solution. This project aims to redesign the process to increase the production output whilst minimizing operational waste produced
547	Management	Simple Meal - budget driven meal planning	The ongoing surge in price inflation has caused grocery and food delivery bills to skyrocket. To assist those grappling with this challenge, existing applications offer solutions for planning home-cooked meals, aiming to save money. While the existing saturation of meal-planning apps focuses on ease and enjoyment, there's a clear absence of options for budget-conscious individuals. Addressing this gap, we've created Simple Meal to empower users in budget-friendly meal planning. Our solution leverages optimization techniques to generate personalized recipe plans within budget, effectively reducing food expenses.
548	Management	ElectriFly - Electric plane ML battery optimization platform	Electric planes offer a promising alternative to traditional gas-powered aircraft. However, e-planes bring on new challenges including limited battery capacity and scarce knowledge of their performance in Canadian weather. Our team is working with Pipistrel Velis Electro, the world's first fully operational electric plane. Our platform enables researchers to analyze flight data and create a battery management system for the optimal operation of the electric plane. Leveraging machine learning, ElectriFly optimizes flight schedules based on weather forecasts and improves flight planning by predicting battery consumption
549	Management	SchedulAbility - Designing a scheduling policy to maximize patient visits	SchedulAbility is a non-profit health service provider aimed to empower children through therapeutic services. Their Speech and Language Pathology Early Years program has the highest demand of all their programs, with a waiting time of up to 2 years. This has created a backlog that makes up just a portion of the roughly 27,600+ children waiting for similar care province-wide. With such long waiting times, we turn to operations research and industrial engineering methods to decrease this wait time and improve clinical staff's experiences
550	Management	GiveBuddy	In an era where philanthropy is often seen as exclusive to the wealthy, donations from the regular working class have declined. Recognizing the hesitation to donate due to challenges in identifying aligned charities, GiveBuddy emerges as a platform to encourage contributions. It simplifies the search for trustworthy and highly-rated charities, empowering individuals to overcome donation barriers. GiveBuddy aims to reignite philanthropic engagement, making it accessible for everyone to make a positive impact on causes they genuinely care about, regardless of their socioeconomic background
551	Management	WaterlooWorks Compass	Introducing WaterlooWorks Compass, our Chrome extension designed to revolutionize your job search experience. Say goodbye to wasted time and hello to efficiency with instant compatibility scores, key information from job postings, and skill recommendations. Effortlessly navigate through WaterlooWorks' job postings, pinpoint essential skills, and receive personalized suggestions to enhance your resume. WaterlooWorks Compass becomes your indispensable career companion, empowering your job search journey.
552	Management	CommConnect	The disparity in high-speed internet access within First Nations communities remains largely overlooked, with only 34.8% of indigenous homes having access compared to the national average of 93.5% in Canada. ComConnect emerges as a dedicated online platform committed to addressing this digital gap among Indigenous communities. Our portal offers detailed mapping of internet availability within First Nations reserves and lands, accompanied by a suite of resources aimed at facilitating access to high-speed connectivity for these communities
553	Management	MSCi - MSCI option planning made easy	Engineering students at the University of Waterloo who are pursuing the Management Sciences (MSCI) option face challenges in designing their academic plans to fulfill their program and the MSCI option requirements. MSCEIt is a website that centralizes resources and helps streamline the degree planning process. It offers interactive course planning, comprehensive information on the option and its benefits, and program-specific course recommendations based on historical data. MSCIt simplifies the degree planning process, reduces redundant communication between students and the undergraduate advisors, and improves overall efficiency
554	Management	Newtral	On social media, we are bombarded with information at every turn. This constant deluge causes people to shut down and turn away from traditional, reliable news media. In response, we developed Neutral, a one-stop shop for a comprehensive view of the news in a readable format. Users search for subjects relevant to them and Neutral scans the internet for the most popular articles related to their query. A summary is then generated and presented to the user highlighting the key topics of their search. Newtral offers users a reliable and neutral source for navigating today's overwhelming media landscape.
555	Management	Juxtapose: Recommendation & Comparison Application for Improving Purchasing Decisions	Making purchasing decisions is hard. Juxtapose is a web application designed to help online shoppers tackle the difficulty of making well-informed and confident decisions when they encounter endless products, details, and reviews. The application aggregates specifications, peer reviews, and expert reviews from Best Buy, Walmart, Consumer Reports, and YouTube to provide tailored recommendations and succinct details for each product. Overall, Juxtapose alleviates decision paralysis and information overload by ensuring shoppers feel less overwhelmed by the number of product options and volume of information available
556	Management	VoltPath: enabling optimal location of EV charging stations	The rapid transition to Electronic Vehicles has created a need for improved charging infrastructure. In collaboration with the Ontario Ministry of Transportation, we have built Volt Path: a tool to enable optimal location of EV charging stations. Volt Path provides a simple visual interface, allowing non-technical decision makers to leverage and interpret complex modeling and simulation. Through an iterative process, the user visualizes the trade-offs between different candidate solutions. They simulate the effects of station placements and use the model to optimize to their custom constraints
557	Management	OptiSlot: Inventory Slotting Optimization for Stable Palletization	Inefficient palletization contributes to millions of dollars in losses across Canadian distribution centres annually. Improving outbound pallet stability reduces product damages during order picking, palletization, and transit. With the help of data from a major Canadian grocery chain, OptiSlot leverages mathematical modelling and data analytics to optimize layout, inventory slotting and palletization in distribution centres. It considers item characteristics, mainly weight and height, to determine ideal order pick sequences and item slotting locations. OptiSlot recommends distribution centre layouts for improved order fulfillment and delivery
558	Management	MyFund	My Fund addresses a crucial gap in financial markets, enabling direct interaction between retail traders and fund managers. Unlike traditional trading or purchasing financial products, which demand significant time, knowledge, and access, our solution simplifies investment in managed funds. By offering a platform where users can easily buy and sell shares in professionally managed funds, we democratize access to sophisticated investment strategies, catering to non-institutional investors who seek to participate in financial markets without the complexities of direct stock trading or navigating financial institutions.
559	Management	SPEAKERvised	SPEAKERvised is an interactive, user-friendly application that is catered to unexperienced interviewees. Through the power of ML, the platform offers personalized, real-time feedback, giving individuals the opportunity to be better prepared for their interviews. Feedback could include verbal issues, such as overuse of filler words, repetitive words, or an overly quick tempo.
560	Management	Engineering Decoded	"Engineering Decoded" addresses the overwhelming information burden faced by high school students when researching University of Waterloo Engineering programs. This leads to prospective students struggling to find the right program fit. Leveraging gamification, our platform offers a unique 'choose your own adventure' journey, guiding students to the engineering program best suited to their interests. Targeting students who are interested in the University of Waterloo for Engineering, our design revolutionizes the decision-making process
561	Management	Green Threads: Empowering Fashion Industry Transparency for Consumers	The fashion industry grapples with pressing environmental and ethical challenges, yet a lack of transparency in the supply chain leaves consumers uninformed. Prominent brands such as Nike, H&M, and Zara are not exempt from these systemic problems and yet awareness remains surprisingly low. Green Threads is a Chrome extension that addresses this issue by enhancing awareness and transparency. GreenerThreads enables users to access real-time product and company level insights while shopping online, empowering consumers to make informed choices and avoid products linked to unethical and environmentally harmful practices
562	Management	ApartMate: Connecting Compatible Students for Harmonious Living	In Waterloo, finding compatible roommates from an overwhelming pool of applicants is time-consuming and not guaranteed. For the majority of students, selecting a subletter involves posting a listing to social media and receiving dozens, often hundreds, of applications. To gather the necessary information to make a decision, students must message each applicant individually, often conducting interviews to understand applicants on a more personal level. Using ApartMate, users can conveniently receive and manage the necessary applicant information to choose their sublet
563	Management	LearnScape: Making Digital Textbooks Better	Textbooks are filled with dense technical wording that can be difficult to focus on and comprehend but the value of the expert information contained within remains. The LearnScape web-app that aims to change the way students and teachers navigate digital textbooks by using a multifaceted approach delivering bite-sized chunks of information, simplifying content, and tying concepts together from throughout a document
564	Management	Nest: Waterloo Property Reviews	Due to its unique co-op program, students at the University of Waterloo face a unique problem, finding housing at a rate faster than others. Finding high-quality information about buildings in Waterloo is challenging, riddled with biased reviews and segregated information sources. UW Nest aims to change this by integrating reviews of various buildings into one platform while using an algorithm to determine the validation and relevance of reviews to multiple individuals.
565	Electrical and Computer	Community Compass	Community Compass, aims to foster community cohesion and enhance safety by enabling users to report incidents and create local events. With an intuitive interface, Community Compass empowers individuals to actively participate in their neighborhoods. Members can promptly report incidents, such as safety concerns or suspicious activities, allowing users to stay informed and vigilant. Additionally, the app facilitates event creation, encouraging residents to organize events that improve community cohesion. By promoting communication and collaboration, Community Compass strives to create safer, united, and thriving communities
566	Electrical and Computer	Polaris Projector	Moving is deemed among the top five most stressful life events. Taking down all your wall decorations and placing them back up in your new home is very difficult and time consuming. The objective of our project is to design a wall décor placement assistant, using a projector, camera, distance sensors and image processing, to project images of your wall decorations onto the wall, to scale and perfectly level no matter how the projector is placed
567	Electrical and Computer	ResuMate	In today's competitive job market, applicants want to know how employers are evaluating their applications. Imagine having a powerful tool that accurately parses, just like Applicant Tracking Systems (ATS) used by employers, and displays your resume key information to you in a matter of seconds. ResuMate is precisely that tool - a user-friendly web application designed to optimize your resume parsing experience. By leveraging our team's knowledge of web development, data processing, parsing, and algorithm design, ResuMate offers a free and easily accessible solution.
568	Electrical and Computer	Crowd Quote	Crowd Quote is a versatile crowd estimation system designed to provide real-time data and future predictions on the total number of people in specific locations. This data is collected from camera footage and is counted efficiently and accurately using image processing. The non-intrusive design and easy/cheap scalability means this system can be used in many situations ranging from fire safety to simply finding a quiet time to visit the library
569	Electrical and Computer	AI Insulator Inspector	In power grids, polymer insulators leverage hydrophobic surfaces to operate; as a result, their effectiveness diminishes over time. This project focuses on developing a convolutional neural network that uses deep learning to classify these insulators, and then categorize them into the IEEE-defined levels of hydrophobicity ranging from 1 (high) to 6 (low). With augmented training datasets and select preprocessing techniques, the Efficient B0-based model will be able to provide timely, accurate assessments via web and mobile applications, lowering the barrier of entry to maintaining such insulators
570	Electrical and Computer	Classimple	Classimple is a web application that addresses the challenges of course selection at the University of Waterloo by providing students with insightful information to streamline the process. It allows students to input their desired courses for the upcoming semester and presents schedules in a user-friendly calendar view and intelligently recommends related courses based on the student's academic history. Our application offers the advantage of a calendar preview feature and the generation of personalized curriculum plans tailored to each student's unique interests and academic history.
571	Electrical and Computer	Activity Flow	Activity Finder is an innovative web app for university students to post and find activities based on time and location. It offers personalized recommendations through machine learning and a diverse database system, enhancing socializing beyond academics. Unlike Facebook, it prioritizes hosting and discovering personalized activities, fostering a vibrant campus community. Challenges include user engagement, data privacy, scalability, and competition from existing platforms. Nevertheless, with the right execution, it has the potential to significantly enhance the social experience of students
572	Electrical and Computer	Wizard GM	Dungeons and Dragons (D&D) as a hobby has seen a resurgence in recent years and is expected to keep growing. Our project, "AI Dungeon Master", recognizes that a capable Dungeon Master is vital for an engaging D&D experience. Unfortunately, many friend groups lack access to such dedicated individuals. To bridge this gap and make D&D more accessible, we are developing an AI-powered Dungeon Master. We aim to create an AI system that can weave stories, portray non-player characters (NPCs), manage battles, and maintain game continuity, offering an immersive text-based gaming experience.
573	Electrical and Computer	Theraplay	Youth often face challenges in adhering to physiotherapy routines due to lack of motivation and enjoyment, with 28% not completing their exercises. TheraPlay, an innovative app integrated with video game-based physiotherapy, aims to address this by making exercises more engaging. Utilizing myoelectric sensors, exercises control the game, providing a fun performance tracking method and encouraging a 15% improvement on average. Suitable for various skill levels, TheraPlay enhances engagement and motivation by combining therapy with interactive gaming while offering a unique, enjoyable approach to physiotherapy for youths.
574	Electrical and Computer	Voyager	Voyager is an online vacation itinerary scheduling and suggestion tool whose mission is to make travel planning simpler and collaborative. Given a few parameters, the user receives a baseline itinerary they can edit as they please, and the suggestion tool is always available to help schedule events. All voyages can be shared with friends and family so that everyone can make the most of the vacation. By providing this service free of charge and readily available online, anyone can plan their dream vacation
575	Electrical and Computer	SolarSaver	Accelerating climate change has increased the innovation of technologies based on renewable energy sources. There are existing technologies that harvest solar energy on a small scale for powering low-power devices such as smartphones. However, their solar intake efficiency reduces by up to 40 percent by being stationary. The SolarSaver is a portable and low-cost structure for powering low-power devices that harvests the Sun's energy optimally through innovative sun-tracking technology.
576	Electrical and Computer	ChromaScape	ChromaScape is a series of lights that can display arbitrary patterns according to their physical position, with an AR- like interface to control the patterns they show. The lights in the array are identified using computer vision and labelled physically, where they sit in 3D space, to make programming light arrays more accessible.
577	Electrical and Computer	 Motion Capture Lite	Motion Capture techniques are used extensively in the entertainment, sports, and robotics industries, but usually require expensive and elaborate setups. Our project, "Motion Capture Lite" aims to develop a low-cost and streamlined motion-capture solution using semi-passive imperceptible LED markers ("beamers") and photosensors ("tags"). The tags detect light that is emitted by the beamers through grey-coded masks. The recorded motion data is sent to a computer, where a software tool utilizes signal processing to convert the data into a visualization.
578	Electrical and Computer	Braille Radar	We help lead the blind to the braille. Our phone app and sensor combination allows blind users to better navigate unfamiliar indoor spaces and locate nearby braille signage. This increases their independence and confidence in navigation, without sacrificing braille literacy. The app will beep or vibrate with increasing frequency to indicate proximity. Building owners can use the companion admin app to set up and manage all of the tags within their building.
579	Electrical and Computer	 DriveGuard	This project aims to create a real-time monitoring system that uses cameras to detect symptoms of distracted driving and provides timely feedback to ensure safe driving. Implemented as a mobile application, the system analyzes driver behavior for signs of inattentiveness due to unforeseen circumstances. Additionally, the app offers analytics, allowing drivers to review their journeys and gain insights to improve their driving practices. The portability of this solution sets it apart from embedded vehicle systems, making it universally applicable to any car.
580	Electrical and Computer	 Tempo Tracks	Tempo Tracks aims to help users improve their workouts by adjusting the pace of music according to their workout plan. Tempo Tracks will find and use the best songs from your playlists for your workout, and fine-tune the speed of the song so the user keeps up with the pace of the music. Utilizing live health data such as cadence or heart rate from smartwatches, Tempo Tracks can adjust the speed of the music to match the current pace with a desired goal
581	Electrical and Computer	BLock	Our project aims to establish a distributed locker booking/management system for University gyms (CIF and PAC). Users can book specific lockers, accessed within a grace period using a wireless locking mechanism. Verification will be done through a web-based platform on their cellular devices. This system aims to enhance existing locker facilities, addressing issues of first-come, first-serve access and the need for personal locks. It will improve organization, prevent item displacement, and enhance physical security
582	Electrical and Computer	 SoulScribeA	Statistics Canada found that around 2.3 million Canadians had unmet mental health needs due to limited access, costs, and discomfort in sharing emotions. SoulScribe aims to address these concerns by making therapy accessible for everyone through AI-assisted journaling. We provide empathetic and introspective responses generated by fine-tuning instruction-based large language models on proven therapy methods. SoulScribe AI provides a calm interface to enhance user experience and protects users from detrimental model responses. Additionally, our cloud infrastructure ensures scalability, fault-tolerance, and data privacy using encryption
583	Electrical and Computer	BOTanica	Weed removal is a task that must be carried out to abide by provincial laws and prevent the spread of invasive species that deteriorate the health of surrounding plants. Equipped with a camera for weed identification, the BOTanical eliminates the need for manual weed removal by carrying out the process autonomously using a mobile arm once lawn weed is identified. A comprehensive extraction procedure which minimizes the regrowth of weeds and an Android application to manage the device gives the BOTanical a competitive advantage
584	Electrical and Computer	 Reeltime	Reeltime is an Automated Sports Analyzer System aimed at enhancing sports viewers' experience by automatically generating highlight reels from soccer matches. The system utilizes computer vision and deep learning techniques to identify key events, such as goals, assists and saves. A custom machine learning model, trained on video segments of important soccer events, efficiently extracts highlights. The design ensures accuracy and seamless integration while enabling sports enthusiasts to stay updated without time investment.
585	Electrical and Computer	Fridge Buddy	In Canada, 58% of food produced is lost or wasted, with 60% of that amount being avoidable through better planning, storage and awareness. According to the WHO, a leading cause of adult disease stems from poor adolescent food and health habits. Fridge Buddy is a tool to provide young adults with healthy eating habits while reducing food waste. The service leverages Image Recognition and Label Scanning to take inventory of your food and expiration dates, and intuitively recommends recipes for the user for upcoming expiring food
586	Electrical and Computer	Smart Flagger	Smart Flagger is an AI solution for construction firms, to automate their process of directing traffic affected by roadside construction. It uses computer vision to detect vehicles approaching a bottleneck created by a construction site, and then uses decision making algorithms to direct traffic through these sites in a manner that improves traffic throughput through the affected street. Using Smart Flagger will also provide construction firms with the added benefit of moving skilled tradesmen and tradeswomen from directing traffic on the street to working on the site
587	Electrical and Computer	RoomEase	Over 68% of Canadians in communal living situations encounter unsatisfactory experiences due to factors such as differences in lifestyles, common household responsibility disputes, and encroachment of personal and shared spaces. As housing demand rises, these issues will become more prominent. RoomEase is a shared household management mobile application whose objective is to increase the quality of life among roommates by alleviating shared living issues, done through an implementation of a chore incentive system, a non-confrontational notification mechanism, and a user-friendly virtual assistant mediator
588	Electrical and Computer	Who? Wat? Where?	The objective of this project is to solve navigation and information challenges faced by both new and returning students, professors, and visitors. We aim to provide a central application to navigate indoors and outdoors on campus using 360 images for orientation, and information pages for professors and classes.
589	Electrical and Computer	AutoGlide	AutoGlide is an inexpensive add-on to aftermarket automobiles designed to improve vehicle control and comfort through an advanced suspension system. Using GPS, accelerometers, stepper motors, and intelligent control algorithms, AutoGlide allows the driver to directly control the suspension settings or automatically adjust them by analyzing the road conditions for optimal performance. By either lowering the stiffness on bumpy roads or tightening it for better handling on flat stretches, this project provides a more comfortable and performance- oriented ride all without having to lift the hood
590	Electrical and Computer	Easy Eats	Every year across the world, a majority of young adults struggle with food preparation. Easy Eats is an application that empowers users to efficiently access personalised & community-verified recipes that target their specific lifestyle/dietary needs. The application will store user-uploaded recipes on a centralised database, and community- verify them through a real-time feedback system. An intelligent recommendation algorithm, will rank recipes to provide the user a personalised dashboard. The application's novel and innovative approach provides accessible curated recipes to help eliminate any barriers/stigmas associated with cooking
591	Electrical and Computer	Check Me Out	The current grocery store self-checkout system has always been rather frustrating to use. By utilizing advanced computer vision, our innovative self-checkout solution addresses many pain points with improved accuracy, reduced user interaction, and maintained cost-effectiveness. Along with seamlessly integrated conveyor belts and sensors, our system enhances detection, eliminates the need for manual item search, and significantly reduces theft. Say hello to a more straightforward, less bothersome self-checkout experience - making those grocery runs a tad less of a hassle.
592	Electrical and Computer	Indoor Wireless Positioning and Navigation System	The objective of our project is to design and implement a mobile indoor navigation system that identifies the location of a user inside a building using WiFi signal strength data and other phone sensor data. This information is sent to a remote server, which sends predicted position information and navigation data back to the device. We use a pathfinding algorithm and statistical analysis to determine the user's likely position. Our design does not require any costly installation of new hardware unlike a Bluetooth solution
593	Electrical and Computer	ZenAudio	Active noise cancelling headphones can greatly increase efficiency and productivity. As their popularity has risen, so has its price to approximately $100 for a cheaper pair that likely sacrifices sound quality and comfort. This project aims to create an attachment for existing headphones that will implement active noise cancelling at a low cost without sacrificing sound quality or comfort. Using a digital signal processing noise cancellation algorithm, ZenAudio will provide a flexible, reusable, and economical option in the active noise cancelling headphones market
594	Electrical and Computer	SoleQues	Motivation is a large factor in the success of rehabilitation. However, nonadherence to home rehabilitation is estimated to be as high as 50%, hindering the success of clinical results. The SoleQuest is a smart insole that, paired with a mobile device, gamifies rehabilitation programs for patients with lower limb disabilities to increase motivation and encourage training participation. This allows patients to have a gamified experience while allowing them to adhere to their rehabilitation program in an environment they are comfortable in, such as their home
595	Electrical and Computer	Sight Through Sound	In our everyday lives we often take for granted how much we rely upon our vision. From identifying the colour of our clothes, to reading the fine print on a medication bottle, "Theia", a pair of assistive glasses helps low vision users interact with their environment independently through visual question answering. As an accessible low-cost solution, we hope to provide users vision through sound
596	Electrical and Computer	FinEva	FinEval leverages Zero Knowledge Proofs (ZKP) to securely share financial data amid rising credit reliance and fraud risks. This cutting-edge solution verifies financial details without exposing sensitive information, addressing the urgent need for secure data sharing. With a ZKP prover for individuals, FinEval ensures local data authentication, minimizing exposure. This initiative boosts consumer financial health, operational efficiency, and speeds up loan approvals, offering a robust answer to the challenges of financial data protection and privacy
597	Electrical and Computer	FitCheck	Fashion empowers confidence. FitCheck serves as a style companion, igniting people's fashion inspiration. FitCheck can take a photo of clothing items people see in their day-to-day life and identify similar clothing items. Additionally, FitCheck allows people to seamlessly save any items for outfit creation and for future reference. Plus, easily share your latest fashion finds with friends for instant style approval.
598	Electrical and Computer	Voxogram	Currently, no intuitive means exist to consume digital 3D content. Traditional 2D, AR and VR technologies fall short in allowing multiple viewers to simultaneously observe objects from various angles. Voxogram seeks to change how we perceive digital 3D media. Using a rapidly-rotating screen to sweep a volume, we can precisely ""paint"" pixels of light in 3D space to produce a digital image that retains the lifelike attributes of real-world objects. This opens up possibilities for immersive 3D modelling, transformative video calls, and captivating art displays
599	Electrical and Computer	Calamity	Herbert is a robot companion that links to a self-help app focused on building good habits and keeping resolutions. Users can keep Herbert healthy and happy by completing their tasks and making sure they meet their goals
600	Electrical and Computer	Pigeon	Pigeon is an interactive AI-powered app that empowers users to quickly understand the valuable information in municipal government data. With user-friendly representations of numeric data and curated answers, it empowers citizens to explore and understand valuable information ranging from social welfare resources to apartment building scoring. It fosters civic engagement, guiding users through popular datasets and recommending questions. Pigeon bridges the gap between constituents and local governments, creating a feedback loop for data quality and transparency
601	Electrical and Computer	VisiWarn: Wearable Obstacle Alert	VisiWarn is an affordable wearable solution designed to assist individuals with visual impairments in navigating their surroundings safely. Utilizing ultrasonic sensors, it detects obstacles and employs multiple vibration motors to alert users to the distance and direction of obstacles. The detection distance can be adjusted to accommodate both indoor and outdoor environments. Additionally, VisiWarn is equipped with the capability to capture and send images to emergency contacts in the event of a fall
602	Electrical and Computer	MoistureMapper	Golf courses spend up to $2 million annually on water management. To reduce costs and enhance playing experience, efficient water management is crucial. However, current methods such as handheld moisture sensors are expensive and imprecise. To address this, a remote sensing system would enable non-invasive and user-friendly data collection to accurately determine water content in different areas of golf greens and reduce the risk of overwatering
603	Electrical and Computer	KeeperVision	Soccer is the most popular sport with hundreds of millions of players and fans around the world. Many times, a key save can be the difference between winning and losing a game. KeeperVision is a training tool which aims to help goalkeepers in tackling their greatest hurdle - positioning. Using computer vision, image processing, and machine learning, KeeperVision physically guides goalkeepers in real-time to the best position to defend against any incoming shots
604	Electrical and Computer	MockMe.ai: Personalized Mock Interviewing Platform	With 80% of engineers actively seeking new jobs, mastering interview skills is crucial. For entry-level job seekers, mock interviews are key to improvement, with 87% believing in their effectiveness. MockMe.ai aims to provide a comprehensive platform that realistically simulates engineering job interviews through tailored questions, real-time feedback, and coding hints, leveraging LLMs. It evaluates soft skills through behavioral questions generated from the resume and job description. Unlike current platforms that rely on real engineers, MockMe.ai offers unlimited personalized mock interviews for various roles
605	Electrical and Computer	Campus Alert	Current campus emergency mechanisms fall short of information-era expectations, lacking responsiveness and clarity. Protocols like lockdowns are often unclear to those in danger. We aim to develop a campus-specific threat management software. It includes a mobile app for reporting threats and guiding individuals during emergencies, an admin panel for campus authorities to access data and statistics, and a backend system. By utilizing existing protocols and algorithms, this system enhances emergency response, making it more immediate and personalized, surpassing traditional methods like fire alarms and posters
606	Electrical and Computer	ProtoShel	The past decade has shown an immense growth in consumers entering an unregulated digital realm. ProtoShell implements a third-party protocol between the user and the company which adds a permission layer necessitating the company to request access to the data they collect on users. This grants users the ability to lock access to their data through the ProtoShell platform, enabling informed consent and awareness on corporate data collection while building stronger trust between companies and consumers
607	Electrical and Computer	GraphIt	In the rapidly growing field of data science and analytics, the increasing number of connected tools, users, and technologies necessitates efficient data visualization. For example, Facebook generates 4 million gigabytes of data daily. This project aims to create a user-friendly tool that helps professionals and laypeople effortlessly visualize and comprehend large datasets. Existing bulky visualization tools often demand specific expertise, leading to reduced productivity. By abstracting complexities, this tool enables users to interact and visualize their data in plain English.
608	Electrical and Computer	PADAS (Portable Advanced Driver Assistance System)	Advanced Driver Assistance Systems (ADAS) can prevent 1.69 million injuries (about 60% of total traffic injuries). As of 2022, only 10% of cars have an ADAS, which can be very costly due to sensor technology and ongoing software development. PADAS is a portable advanced driver assistance system that uses a camera, RADAR sensor and Bluetooth to enable features such as lane departure warning, traffic light detection, object detection and blind spot detection. This system is affordable, accessible, and simple to deploy in any vehicle
609	Electrical and Computer	Colorize: An MR Aid for Colour Blindness	Around 300 million people globally suffer from colour vision deficiency, with 8% of men and 0.5% of women experiencing colour blindness. This project aims to help those individuals by designing software that uses recolouring, edge enhancement, and pattern superposition algorithms integrated into a Mixed Reality headset. The user's video feed is enhanced based on their settings, creating a customizable solution to address their type and severity of colour blindness in real-time. This technology offers fine-tuning of hue, saturation, and brightness for optimal results
610	Electrical and Computer	Fink	Fink is a wireless pen stylus that tracks the user's handwriting on a user-defined surface and displays it, via Bluetooth, to any phone, tablet, or PC. The user's motion is tracked by a series of inertial measurement units, wireless ultra-wideband probes, and force sensors. The motion of the pen is reconstructed in real-time and displayed to the user on their screen of choice. The user may then save their notes in the Fink App for later use.
611	Electrical and Computer	LineRef	Human line judges in volleyball games are prone to inaccuracies in reaction time and perception, while international-level line judging systems are too expensive for typical players. LineRef's objective is to provide an accurate and affordable line-judging solution for recreational and lower-level competitions. Using computer vision, it tracks a volleyball's path and location to determine whether it lands in or out of court. Taking advantage of mobile devices, LineRef is easy to use, portable and affordable for consumers in any level of competition.
612	Electrical and Computer	WatSat: The Satellite Smartphone Add-On	Canada's major telecom providers only cover less than half of the country, resulting in inadequate coverage for remote regions. Natural disasters further exacerbate communication challenges, as cell service is often disrupted. To tackle these issues, our project aims to develop a smartphone add-on for reliable satellite communication in areas with limited or no internet or cellular service. The goal is to offer affordable alternatives, ensuring accessible communication for all with efficient energy usage
613	Electrical and Computer	MediVault	The MediVault is a sophisticated piece of hardware that comes equipped with a medication reminder kit and a medication tracking system. The medical reminder kit is a smart box that gives physical reminders through alarms and lighting and contains verification measures to ensure that each patient is getting their medication. Additionally, the MediVault also includes a medical tracking system that tracks the frequency of medication and optimizes the distribution of medication. Thus, allowing hospitals to have another metric that they can gauge patients' recovery with.
614	Electrical and Computer	MyHealth	Currently, only around 50% of Canadians meet the weekly physical guidelines of at least 150 minutes per week of moderate-to-vigorous intensity physical activity. About one-third of Canadians experience difficulty falling and staying asleep. Physical activity, diet, and sleep are a vital part of a healthy lifestyle and reduce the risk of health complications. The objective of this project is to design a mobile application that contains personalized schedules for workout routines, diet, and rest, along with sleep improvement and adaptive alarm features
615	Electrical and Computer	PresGo	Every year public transportation companies lose millions of dollars due to long dwell times, fare evasion, and rider inconvenience. On busy lines, long dwell times caused by inefficient fare payment methods account for substantial delays. The objective of this project is to design a secure, contactless, no-tap fare collection system that tracks illegitimate riders and requires no interaction for riders to pay their fare. PresGo implements bluetooth low energy angle of arrival antennas and infrared sensors to detect a passenger boarding and automatically collect fares.
616	Electrical and Computer	CuttleCal	Introducing CuttleCal, an advanced monitor calibration tool designed to harmonize colour settings across dual- monitor setups. This innovative solution analyzes and compares the color profiles of two monitors, providing precise data and recommendations to achieve identical color outputs. Ideal for anyone working remotely or on multiple monitors, CuttleCal ensures that colors appear uniform, enhancing workflow and accuracy. With its user-friendly interface, you can easily adjust and set both monitors to display the same colors, ensuring a seamless and visually coherent workspace.
617	Electrical and Computer	Flourish	The price of grocery basics has increased 10.6% year over year with no signs of slowing down. Flourish aims to help financially conscious and low-income users save money by taking the existing couponing and flyer searching experience one step further by bringing the deals to them. Powered by data from the biggest grocery chains coupled with the implementation of a robust yet optimal price comparison algorithm, Flourish aims to help users save their time, money, and effort and optimize their overall grocery shopping experience
618	Electrical and Computer	ByteBucks	The objective of this project is to design a new data collection model that provides users transparency and financial rewards for the use of their data. This model utilizes a browser extension, allowing users to control their data collection and publish it for sale. Users can sell their data to third parties on a public blockchain network and receive cryptocurrency as a reward. This new model offers increased transparency in data exchange and the ability for users to earn royalties from their own data.
619	Electrical and Computer	FitCam	Research reveals 41% of gym-goers get injured due to incorrect form, straining the wrong muscles or joints. The mobile app FitCam tackles this issue by tracking workout form through a phone camera, and offering real-time audio and visual feedback, guiding users to prevent injuries and optimize exercises. Unlike existing alternatives, FitCam allows for instant form improvements without interrupting the workout. This helps users of all skill levels learn exercises more effectively, maximizing their workouts and reducing their risk of injury
620	Electrical and Computer	TypeCash	TypeCast is a seamless SMS money-transferring application that allows users to securely send and receive cash by sending text messages with commands. With this, users do not need any mobile apps nor do they have to authenticate their bank account every time; they simply register with their phone number and can use phone authentication methods (e.g, Face ID) to process electronic payments
621	Electrical and Computer	PerfectSip	Introducing PerfectEd - the ultimate solution for coffee enthusiasts! Many coffee drinkers resonate with the frustration of returning to a cold cup after becoming distracted. PerfectSip is a reusable coffee sleeve that collects and transmits sensor data via a Bluetooth Low Energy embedded controller to a mobile application. Experience real time thermodynamic modelling using distributed computing, alerting users when their beverage is ready. Embrace convenience, sustainability, and unparalleled flavour - make every sip count with Perfect Sip and say hello to a sustainable revolution!
622	Electrical and Computer	Foodie	The Foodie Food Review App aims to revolutionize the traditional food review landscape dominated by Yelp and Google Maps. By leveraging existing data from Yelp and Google, combined with user ordering preferences and reviews, the app will generate personalized recommendations from a machine learning model and prioritize them based on user feedback and reputations. This project seeks to address the "where to eat" dilemma and empower small businesses to compete with established restaurants, ultimately enhancing the overall dining experience for users.
623	Electrical and Computer	Medibot Team	This project's objective is to develop an application tackling the critical issue of medication adherence by introducing a gamified approach to the often challenging task of taking prescribed medication. Designed for parents of young patients, the app serves as a reliable tool while also incorporating a game/electronic pet feature to make the experience enjoyable for children. Our solution focuses on positive reinforcement through play, while encouraging safety and proper medication procedures. Our focus on child acceptance sets this project apart from existing solutions
624	Electrical and Computer	LOTTA	WAVE, a Smart HomeKit harnessing innovative image processing techniques for recognizing hand gestures, ensuring an intuitive, inclusive shift from voice commands. WAVE caters to the mute and doubles as a home- monitoring system during periods of absence. Utilizing computer vision, gesture and facial recognition, users interact using simple gestures like waving, pointing, or specific hand shapes. WAVE tailors control to individuals, tracking and recognizing users for personalized, effortless home environment manipulation
625	Electrical and Computer	FlexFlow	FlexFlow is a smart scheduler and journaling app powered by machine learning. The user inputs their tasks and it plans out their daily schedule, stress relievers and deadlines. Tasks are analyzed using our model to determine their complexity and time commitment in order to effectively create the most functional schedule. It uses language processing and feedback from the user to analyze their mood and stress levels to better plan out their schedule to reduce overall stress levels.
626	Electrical and Computer	DrinkMaster: A Smart Bartending Machine	DrinkMaster, a Smart Bartending Machine, resolves the issue of lengthy bar queues and drink inconsistencies by automating and refining the pouring process. Customers enjoy personalized beverages and a diverse menu, all while a unique safety feature monitors alcohol consumption limits. This innovation reduces wait times and reliance on human labour, transforming bar service into a consistently high-quality experience
627	Electrical and Computer	StreetSmart	According to CAA, over 70% of cycling accidents involve motorized vehicles, with road safety rules disrespected in 1 of 3 fatalities. As cycling popularizes, these incidents become more frequent. We aim to design a solution to reduce risks for cyclists. StreetSmart is a device attachable to a bicycle, featuring automatic brake lights and user-driven turn signals, as well as rear collision warnings using Light Detection and Ranging (LIDAR) and haptic feedback. With StreetSmart, riders can confidently navigate the roads with safety in mind
628	Electrical and Computer	Serendipity	Serendipity is an intelligent web-based service that personalizes travel planning using artificial intelligence. It processes user preferences to generate detailed itineraries, offering travel advice, recommended attractions, and dining options. With an easy-to-use interface, robust data management, and a one-stop integration of secure transactions and real-time trip information updates, Serendipity is revolutionizing the travel planning process, making it more personalized, efficient, and user-friendly
629	Electrical and Computer	OtterTuner	Tuning a guitar can be tedious yet essential. Many artists opt for alternate tunings, which can be time-consuming. OtterTuner is a guitar tuning system using control theory and a motor system controlled by a microcontroller, paired with a mobile app. It automates precise tuning of all 6 strings, and offers preset storage. The main advantages of this design over other alternatives include a cleaner user interface and enhanced logical processing for tuning a guitar.
630	Electrical and Computer	Procrasti Fighter: Task Kickstart for Students	ProcrastiFighter is an AI-driven cross-platform to-do app designed to mitigate procrastination and enhance productivity among students. It offers adaptive task scheduling and supports collaborative studying. Users can add friends, join groups, and view their rankings. Unique features include a one-click focus timer to help users kick-start a task and an automatic task breakdown system, which divides large tasks into manageable subtasks. Each user also benefits from a personalized bot companion, which offers motivation and suggests schedule adjustments based on user feedback and study patterns
631	Electrical and Computer	FriendTube	YouTube's rapid growth since 2005 has posed significant challenges in meeting bandwidth requirements, especially with the surge in high-definition and 4K videos. The objective for this project is to decrease the bandwidth utilization of centralized video streaming services while still maintaining a high user experience for multiple users. Our proposed solution aims to leverage the temporal locality of trending videos, where videos recently viewed are likely to be revisited in the near future.We aim to create a decentralized video streaming service for all users.
632	Electrical and Computer	Waterloo Drivers App	City of Waterloo Driver Mobile App is a comprehensive city-wide traffic application that streamlines all traffic- related tasks into a single, user-friendly platform. By registering with their driver's license information, users gain access to a range of features, including receiving notifications about traffic violations and making payments directly within the application. The application will be developed primarily for mobile, incorporating Stripe payment API for ticket transactions. The app also allows users to dispute tickets and view digital forms of evidence without having to visit a courthouse.
633	Electrical and Computer	FeedMe	FeedMe is a newsletter subscription service aimed at increasing user engagement with world news. Users receive personalized daily email digests and can explore news articles through the accompanying web application. The system sources news articles from a wide array of news outlets for diverse content, catering to people's diverse interests. The AI-powered engine enhances user retention by delivering relevant and engaging content. FeedMe elevates the newsletter subscription by leveraging user behaviour and interests for a personalized and engaging user experience.
634	Electrical and Computer	UniVision	The Genie Vision Detection tool is an innovative device designed for the visually impaired to conjure their environment. It employs a camera system and real-time image processing through artificial intelligence. This tool provides audio feedback to convey information about the surroundings, aiding in navigation and awareness. It enriches the quality of life of individuals by offering a simple, and intuitive way to understand and interact with the world around them
635	Electrical and Computer	AutoHelm	Ever had tedious or repetitive tasks when using your PC? AutoHelm is an easy-to-use program that helps users create their own automated scripts, or ""workflows"". It also offers a machine-learning chatbot that can generate workflows from plain English, which helps individuals of all technical abilities to utilize AutoHelm to its highest potential. With the offering of a marketplace function, users can share their workflow, which further helps users explore the endless things you can do with AutoHelm!
636	Electrical and Computer	 AR Bytes	To tackle the growing issue of food waste in restaurants, AR Bytes is a web app allowing customers to access precise menu item visualizations through QR code scanning. Leveraging photogrammetry techniques, the platform transforms food images into immersive 3D models using augmented reality. This solution's advantage lies in tracking portion sizes, meals, leftovers and statistics, enabling cost and resource savings for restaurants, while providing customers accurate depictions of orders by using their cameras. This reduces misleading representations and reliance on verbal descriptions
637	Electrical and Computer	HandSense	Computer usage is becoming increasingly prevalent worldwide, spurring a global increase in repetitive strain injuries (RSIs). Notably, traditional computer mouse designs are controlled using motions not natural to human physiology. HandSense is a lightweight, wearable device that facilitates computer interaction through safe and natural gestures that can be performed at any distance and angle relative to a user's computer. Motion sensors capture user movements and transmit them to their computer in real-time, while a microphone allows for the use of dictation to minimize keyboard necessity.
638	Electrical and Computer	 Stratosphere	Cloud service providers offer a wide range of services and platforms, the extensive documentation and understanding required to effectively utilize these services can be daunting and time-consuming for those who may be new to cloud deployment. Stratosphere aims to streamline the cloud deployment process by using natural language processing, decision-making algorithms, and interactive diagrams, thereby enhancing efficiency and accessibility.
639	Electrical and Computer	 Project Pulse	In the context of modern workflows, a significant challenge arises when users must identify tasks in assignments, find information to complete tasks, and figure out how to complete these tasks in their schedules. The objective of Project Pulse is to provide an easy-to-use modern task management workflow for businesses and individuals that helps them manage time. By incorporating features such as task extraction from documents and images, AI prioritization and intelligent timeline generation, this app helps users plan their schedules and jumpstart their projects quickly
640	Electrical and Computer	 Team Nexus	As students are continuing to use more online tools to enhance their learning experience, we noticed that they often have to jump between many websites and apps for different purposes such as having discussions and checking notes. This leads to more time wasted gathering information and resources. Nexus is meant to be a centralized social platform where university students can crowdsource notes, participate in Q&As and chat with other students. Students can tailor their experience by subscribing to various courses and getting personalized feeds
641	Electrical and Computer	MeetWise	This project aims to develop a Meeting AI Assistant that enhances virtual communication by integrating with video conferencing tools. By joining meetings, transcribing voice, and performing real-time tasks, the assistant offers insights and triggers actions based on a company's knowledge bases. Advanced features include similarity searches across large documents, semantic understanding, and automatic task generation, with integrations like Jira for ticket creation and Outlook/Google Calendar for scheduling. This AI solution surpasses existing ones by providing a fully integrated, actionable service, not just transcription.
642	Electrical and Computer	GuidingLite	GuidingLite arises from the challenges faced while navigating in indoor spaces, especially for visually impaired individuals, where traditional navigation aids are limited. By leveraging UWB technology, accurate and accessible indoor positioning is enabled for users. The approach involves deploying UWB anchors throughout environments to accurately triangulate user position. This technology provides real-time position updates, enabling users to reduce their reliance on assistance. Moreover, the system can be integrated with assistive technologies, such as voice-based directions, further enhancing the navigation experience without extra user-facing hardware.
643	Electrical and Computer	AiNalog	We are seeking to speed up machine learning computations while reducing power consumption by leveraging the inherent characteristics of analog computing, as opposed to the transistor-based digital approach which is nearly ubiquitous in the industry. Our solution - a custom differential mixed-signal 16-bit matrix multiplying circuit board - is particularly suited for running ML models in resource-constrained environments on the edge, where power consumption is critical. The ANalog system is simple and can be rapidly deployed
644	Electrical and Computer	SmARt Deck	This project aims to design a physically immersive remote card game experience which quickly and correctly transmits live information about the cards played between multiple players with minimal processing. SmARt Deck is an AR card game simulator that uses image processing to identify unique patterns tied to the individual cards of a custom card deck to project the correct card faces for each player, and network communication to support live multiplayer gaming.
645	Electrical and Computer	InsulatorVision: Deep Learning Fault-Detection	Detecting defects in electrical insulators is essential for mitigating disruptions of power supply systems. Failure to identify and address these defects may lead to power outages, financial losses, and even jeopardize the well-being of individuals and industries relying on stable electricity supply. To address this issue, we plan to create a device that comprises of an optical video streaming sensor that feeds data to an on-device microcontroller. The microcontroller employs machine learning techniques to predict the likelihood of a fault in the insulators
646	Electrical and Computer	Coastal Q	Coastal addresses the escalating risks of sea level rise and storm surges to coastal properties in the face of a changing climate and unpredictable weather patterns. It provides a digital platform that allows realtors, investors, and homeowners to search an address and assess the associated risk efficiently. Utilizing high-resolution aerial photography and inundation analysis, Coastal ensures accurate risk evaluations without the need for extensive surveys, making it simpler for users to make informed decisions regarding coastal property investments
647	Electrical and Computer	Trip Synced	Tripsynced is a one-stop platform that simplifies the travel planning process for groups. It constructs robust itineraries made from personalized suggestions and group collaboration. Through the use of third party APIs and machine learning, trip synced is able to provide suggestions for activities other than to walk around endlessly in circles. trip synced erases the stress of planning and and synchronizing with a group, and optimizes flexibility for everyone involved. Whether with friends or solo, trip synced provides a solution to create unforgettable memories around the world
648	Biomedical	CareQueue	CareQueue enhances the current microphone system used in hospitals to place patient requests. With automatic speech to text detection, it categorizes and prioritizes requests, allowing nurses and clinicians to attend more urgent requests first and manage all patient needs in a timely manner
649	Biomedical	PACE (Post-concussion Athlete Comprehensive Evaluation)	Concussions are a common occurrence in full-contact varsity sports, and their lack of detection poses significant risks to the well-being of athletes, team dynamics, and the integrity of the University's athletic program. PACE aims to enhance current on-field concussion detection protocols through providing additional individualized, supplementary data to athletic therapists. Through leveraging neurocognitive assessments and gait analysis technologies, PACE is able to detect deviations from an athlete's baseline walking pattern and neurocognitive function to facilitate more informed on-field decision-making processes.
650	Biomedical	CACHA Clinic Manager (CCM)	Canada Africa Community Health Alliance (CACHA), our Capstone partner, is a nonprofit organization that sends volunteer doctors and pharmacists to provide healthcare through clinics in rural communities of Tanzania and Uganda. Their largest concerns are patient identification and communication with low medical illiteracy patients resulting in drug non-adherence. The CACHA Clinic Manager (CCM) is a full system solution with three components: (1) a biometrics-integrated patient identification system, (2) secure medical records keeping, (3) culturally sensitive translated labeling. This solution aims to improve the efficiency and effectiveness of CACHA clinics operations, and ultimately save lives
651	Biomedical	VeinGuard	Over 3 million people suffer from kidney failure worldwide and require weekly hemodialysis treatment to live a healthy lifestyle. One of the biggest complications that arise during hemodialysis treatment is stenosis (vessel thinning), which can lead to life threatening issues such as thrombosis. VeinGuard uses a non-invasive approach to monitor blood flow overtime for early stenosis detection.
652	Biomedical	ROMET	Home exercise adherence is a critical factor in the success of rehabilitation, which is a considerable challenge for conventional physiotherapy interventions. ROMET (Range of Motion Exercise Tracker) is a system to be used by acute wrist fracture patients and medical professionals to digitally monitor rehabilitation progress while performing range of motion exercises. The goal is to increase adherence through completing prescribed exercises remotely without negatively impacting expected recovery duration and outcome. This will optimize the recovery outcomes through the improved patient adherence while positively contributing to the efficient allocation of healthcare resources.
653	Biomedical	emBRACE	One of the most common knee injuries during physical activity are ACL tears. Pre-operative rehabilitation for these injuries is often neglected despite their time-reducing impact on surgical outcomes and recovery. We propose a take- home knee brace capable of measuring range of motion and hamstrings-to-quadriceps muscle strength ratio, to increase the efficiency of pre-operative physiotherapy sessions. The patient will independently perform knee flexion and extension, enabling the smart knee brace to measure and sync data with our online platform, allowing the physiotherapist to monitor patient progression.
654	Biomedical	SleepSentry	REM Behaviour Disorder (RBD) is thought to be an early form of neurodegenerative disease (NDD) as the vast majority of RBD patients eventually develop an NDD. Early identification of NDD is likely to enable treatment advances and lead to better long-term outcomes. In Canada, access to sleep clinics and neurologists, both essential in RBD diagnosis, is limited. Sleep Sentry is an at-home sleep monitoring system that records overnight EEG and movement data and highlights signal regions of concern to aid physicians in interpretation
655	Biomedical	SATURN (Sensory Awareness of Touch Upper-limb Radial Network)	Despite impressive advances in the control of modern myoelectric prosthetic devices, the current lack of sensory feedback remains a challenge, often cited as the primary cause of user dissatisfaction and device abandonment. SATURN aims to improve users' ability to interact with objects in their surrounding environment by sensing force at the fingertips and delivering pressure information to the user's phantom hand map via inflatable air bladders placed inside the socket. SATURN incorporates customized design elements, and is compatible with a range of prosthetic devices
656	Biomedical	ADAPT	Gait training exercises involving wheelchairs in long-term care facilities are dangerous for both patients and healthcare staff; the worker must simultaneously hold the wheelchair and support an ambulating resident, which can increase the risk of falls. ADAPT (Automated Device for Assisting Physical Therapy) is a device that attaches to the back of a wheelchair and pushes it behind a walking resident, freeing up the hands of the staff member and making the exercise safer for everyone involved
657	Biomedical	PICCArmour	Peripherally inserted central catheter (PICC) lines are misused by patients with a history of drug dependency. PICC misuse causes a higher risk of contamination, an increased likelihood of hospital readmission, the risk of developing endocarditis, and can lead to drug overdose. Our solution consists of a lockable small box enclosing the PICC line which can be unlocked with a unique key. Our team designed an innovative locking mechanism to increase the tamper resistance and lockability of the device to prevent unauthorized patient access
658	Biomedical	AdhereRx	"Medication non-adherence can act as a barrier to successful long-term treatment, resulting in an increased mortality rate and an increased burden on the healthcare system. However, pharmacists currently rely on patient self-reporting and prescription refill dates to determine a patient's adherence. AdhereRx is a tool that provides quantitative medication intake data to pharmacists. With this data, pharmacists can identify trends and provide more tailored counseling. As a result, they can alter the medication regimen to better fit the patient's needs.
659	Biomedical	Tri Together Blades	Engagement in sports is essential for physical, mental, and social well-being. Triathlon, a popular cross-training activity consisting of swimming, cycling, and running, can be challenging for below-knee amputees to participate in as all three sports require different device needs. We designed a device that attaches onto a running prosthetic and allows it to be used for biking. In this way, we address the disproportionate amount of time and effort taken for below-knee amputees to transition between events in triathlons in a safe and effective manner
660	Biomedical	 ArthroSync	Physiotherapists are looking for methods of acquiring more quantitative information about the progress of their patients' treatments. For patients with knee osteoarthritis, ArthroSync serves as a wearable device that measures clinically relevant metrics, such as joint angle and speed, as well as collecting information and providing feedback on form, to both relay information to the physiotherapist and help patients receive more personalized and accurate care.
661	Biomedical	PainSightAI	Mismanaged post-operative pain management in infants is detrimental to long-term development. The PainSightAI team is dedicated to revolutionizing infant pain assessment by developing an AI-powered device aiming to replace subjective and time-consuming methods. Using the Neonatal Facial Coding System (NFCS), we assess key facial cues such as brow bulge and nasolabial folds to provide objective pain values on a 0-9 scale. Combined with a custom-designed mounting device, we envision our solution being used in a variety of pediatric settings
662	Biomedical	MediCoo	Organ transplantation is a surgical procedure that involves replacing a failed organ in the recipient with a healthy donor organ. The current standard of organ preservation during transit involves storing them in ice boxes, which threatens organ viability due to cold injury. To maximize viability, we have developed a temperature-regulated transport device for kidneys that actively maintains an internal temperature at the safest temperature range (4-8°C) for up to 24 hours.
663	Biomedical	ClarifEye	Developing a mobile application that integrates computer vision, LiDAR, and machine learning technologies to offer individuals with visual impairment real-time feedback on outdoor obstacles. This application will identify the type of obstacle, measure its distance from the user, and track the obstacles direction if it's moving. Designed to complement traditional navigation aids like guide dogs and white canes, this solution aims to enhance route decision-making and boosts user confidence and independence in outdoor navigation.
664	Biomedical	 PressurePro	The PressurePro team has developed a system for pressure ulcer reducing air-filled cushions used by manual wheelchair users with complete spinal cord injuries. This system integrates into the standard four quadrant ROHO air cushion, prescribed to high-risk patients. To effectively mitigate pressure ulcers, the cushion must maintain an ideal internal pressure set by an occupational therapist. The objectives of this device include eliminating daily manual pressure checks, automating cushion inflation/deflation, and alerting users to detected leaks for more effective repairs.
665	Biomedical	Quantrem	Alcohol withdrawal syndrome is a life-threatening condition for which tremors are one of the key indicators. Currently, practitioners indicate a patient's tremor severity on a seven-point scale based on their personal interpretation and experience, which can wrongly inform treatment and lead to unnecessary benzodiazepine prophylaxis. Quantum is a wearable device that takes postural tremor frequency readings at the hand and reports the associated severity and trends on a streamlined interface. The goal of Quantum is to minimize score inconsistencies for improved withdrawal management by better informing practitioners
666	Biomedical	SLAI (Skin Lesion AI)	In the last decade, skin and subcutaneous disorders accounted for the fourth leading cause of nonfatal disease burden globally. Given the severe shortage of dermatologists nationwide, patients often suffer long wait times and delayed care. Most Canadians regularly visit their family doctors yet the doctors often lack the expertise to confidently diagnose skin lesions. Skin Lesion AI (SLAI) is a cross-platform AI case-retrieval system that will allow family doctors to accurately screen skin lesions in a timely manner.
667	Biomedical	NeuroMap	With over 50 000 Canadians affected by brain tumours each year and a 5-year survival rate of 35%, it is important to provide patients reliable information on their diagnosis. However, due the wide range of treatments, potential side effects, tumour heterogeneity, and mental burden, developing a holistic understanding of treatment plans is difficult. Thus, NeuroMap aims to streamline this process by using segmentation as a tool to classify and visualise tumours, while promoting patient understanding by providing personalized educational information
668	Chemical	Enzymatic Polyethylene Terephthalate (PET) Depolymerization	PET plastic wastes requires 250-450 years to degrade, causing long term environmental damages. Only 7% of PET gets recycled, the rest eventuate in landfills or degrade into microplastics that enter aquatic ecosystems, thus a large- scale strategy for PET depolymerization is needed to reduce the PET plastic waste. Our project utilizes enzymatic reactions to depolymerize PET into its monomers to be recycled as industrial chemicals, promoting a sustainable approach to plastic use
669	Chemical	Enhanced Automatic Disassembly of Li-Ion Batteries	Direct recycling of Li-ion batteries has been gaining traction as an efficient method to increase yield of active materials out of used cells. Current processes have been constrained to a lab scale due to the complex deconstruction and differentiation of various cell types. The goal of this project is to propose a battery disassembly process aided by machine learning to segregate cells. The economic and environmental impacts of the proposed solution will be assessed against other mechanisms of cell disassembly
670	Chemical	Optimization of Photocatalytic Reactors for Carbon Dioxide Reduction to Fuel	Since 2015, researchers at the University of Waterloo have been developing a nanoparticle-based catalyst that utilizes sunlight for a photocatalytic reaction, turning carbon dioxide into fuel. However, they lacked a suitable reactor system for prolonged tests and were seeking a design that optimized mass and light transfer. Our project involves the design and optimization of a bench-scale tubular packed bed reactor to maximize the sunlight absorption and hence the conversion of carbon dioxide to fuel
671	Chemical	FoulX: A Novel Approach to Reducing Fouling in Industrial Heat Exchangers	Fouling within heat exchangers used in the oil and gas industry results in a decrease of thermal efficiency and affects chemical manufacturing processes globally. The goal of this project is to determine an optimized cleaning schedule to decrease the amount of fouling while maintaining performance efficiency. This is done with augmented design of the downstream steam trap and predictive modelling of correction factors and cost
672	Chemical	Modeling of a Fluid Catalytic Cracking Unit and Minimizing Environmental Impact	Our project aims to enhance the efficiency of oil refineries by optimizing the fluid catalytic cracking unit's performance. Utilizing Aspen HYSYS Process Simulation, we created a model in Aspen HYSYS to study various process parameters. By analyzing these factors, we identified the most efficient operating conditions that maximize conversion while minimizing emissions. This initiative aligns with UN Sustainable Development Goals, fostering industry innovation, infrastructure, and promoting affordable, clean energy
673	Chemical	Phase Push: Solid PCM Heat Management System	Heat exchangers relying on phase changes have conventionally used the liquid to gas as a technique to maximize the latent heat of the internal system. Our team has been designing and optimizing liquid-to-solid phase change materials within heat exchangers maximizing the efficiency from increased latent heat and energy capacities. With wide-scale applications, this project is a proof of concept for the future of high-efficiency heat exchangers.
674	Chemical	Reduction of Nuclear Waste and Extraction of Carbon-14 From Bruce Power (CANDU) Reactors	Our project focuses on the Reduction of Nuclear Waste and Extraction of Carbon-14 from Bruce Power (CANDU) Reactors. By implementing a sustainable and efficient system, we aim to recycle C-14 from Intermediate-Level Radioactive Waste for the development of nuclear applications, maximizing its potential energy and resource usage while minimizing its environmental impact
675	Chemical	 Design and Optimization of an Ammonia Energy Storage System for the City of Kitchener	In recent years, ammonia has gained growing interest as a potential storage medium for hydrogen. This design aims to provide a sustainable way to store energy and support peak electrical demands for a community in the City of Kitchener. Key project components include the storage of ammonia and its decomposition, the generation of electricity using a hydrogen fuel cell, and research on the externalities of the design.
676	Chemical	ElectroLIT: Electrolyte Reprocessing for Aluminum-Air Batteries	In collaboration with AlumaPower Corporation, our project tackles the challenges hindering large-scale commercialization of Al-Air batteries. Complex side reactions adversely affect battery performance. To address this, we're focusing on understanding electrolyte species concentration for effective reprocessing. Our prototype is designed and engineered to retrieve additional power from used electrolytes, thereby enhancing the viability of Al- Air batteries across various industries
677	Chemical	GHG Busters: Emission Reduction In Australia’s Sandalwood Oil Production	Our capstone project focuses on optimizing the production of sandalwood oil, a vital component in cosmetics, particularly in perfumes. Sourced from Western Australia sandalwood trees, the current distillation process utilizes a wood reboiler with substantial carbon emissions. We aim to increase efficiency by integrating alternative energy sources and reducing environmental impact while ensuring a consistent yield. This project aligns with sustainable practices, addressing both ecological concerns and the demand for high-quality sandalwood oil in the cosmetics industry
678	Chemical	HydroCAN: Sustainable Hydrogen Refueling Stations for Ontario	For Canada to meet its net-zero emissions goal, the transportation sector, specifically Class 8 trucks used for long- haul freight must evolve. Hydrogen fuel cell electric vehicles (HFCEVs) are a sustainable and attractive alternative due to their extended range and rapid refueling capabilities that rival traditional diesel engines. This project focuses on designing and modeling a supply chain network of hydrogen refuelling stations for HFCs along Highway 401 in Ontario, supporting Canada's adoption of fuel cell vehicles and contributing to a greener future for Canadian transportation.
679	Chemical	Improving Pharmaceutical Wastewater Treatment in Ontario Using Membrane Filtration Systems	Our project targets emerging chemicals in wastewater from the pharmaceutical industry through a combination of microfiltration, nanofiltration, and reverse osmosis treatment processes. Through system modeling and calculations, our innovative design aims to reduce operational costs and energy consumption by maximizing water recovery and reuse while meeting the MECP requirements. Tailored to accommodate diverse wastewater compositions, including active pharmaceutical ingredients, disinfectants, proteins, and chemicals, our system offers a sustainable solution for onsite treatment that ultimately converts contaminated water into usable water for both utility and production
680	Chemical	Carbon Capture System in Cement Production	Cement production is responsible for 7% of global CO2 emission. To achieve net-zero emission, the carbon emission has to be reduced. The objective of this project is to compare the energy, water, and economic efficiency of two carbon capture techniques for cement plants, MEA and oxyfuel combustion. This involves developing predictive models for each method using Aspen Plus and conducting economic analyses to evaluate costs.
681	Chemical	Engineering Bioplastics Production using Cupriavidus necator	Canadian landfills emit one million tonnes of CO2 every year. One approach to support Canadaâ€™s 2030 emission reduction plan involves valorizing CO2 to produce the polymer polyhydroxybutyrate (PHB) via bacterial fermentation of Cupriavidus necator. PHB is biocompatible and can be used in artificial skin grafts and microcapsules for controlled drug release. Our project involves pilot-scale bioreactor experiments to inform a simulation of a sustainable PHB production process designed around Comcorâ€™s Niagara landfill RNG facility. Our objective is to prove industrial-scale feasibility of this process.
682	Chemical	Repurposing Polystyrene Into Manufacturing Materials Through Chemical Recycling	Polystyrene, notorious for its lack of recyclability and significant contribution to plastic waste, poses a pressing environmental challenge. Current recycling methods are limited and financially burdensome for businesses. To address this issue, our project aims to use Aspen Plus to design and optimize a recycling and product purification process based on the photooxidation reaction of polystyrene. Scalability and economic feasibility are assessed as well. Our approach aims to address environmental concerns while providing a sustainable solution for polystyrene waste.
683	Chemical	Extraction of UV Filters from Macroalgae for Reef Safe Sunscreen	Many conventional UV filters used in sunscreens including zinc oxide nanoparticles have been found to be detrimental towards marine life and contribute to issues such as coral bleaching. Our project aims to design and scale an extraction process of naturally occurring UV filters from algae to demonstrate the viability of a sustainable alternative. Iteration of lab experimentation and simulation is used to determine process parameters to optimize yield, quality, and cost of the final product
684	Chemical	Residential Water Filtration System for Boil Water Advisories	Boil Water Advisories are a problem which plague many remote communities across Canada. Our project focuses on the design and modelling of a low-cost at home filtration system which can be installed into homes that have a dug or drilled well. The filtration system will include a water softener to mitigate scale build-up, a UV filtration module which will inactivate the bacteria, and a membrane filter to effectively remove the inactivated organisms
685	Chemical	Pads to Purpose: Recycling and Repurposing of Used Menstrual Pads	Existing disposal methods of menstrual pads exacerbate plastic waste accumulation in landfills and water systems. This project aims to design a sustainable pilot-scale method to recover and repurpose the plastics in menstrual pads. We have experimentally tested a solvent extraction process to recover polyethylene and polypropylene. Our scaled- up industrial process was simulated in ASPEN and included integrated solvent recovery. The simulation aided in determining economic, environmental, and safety impacts. Repurposing options explored were catalytic depolymerization for fuel and injection molding for plastic parts
686	Chemical	Shellfish Waste for Heavy Metal Adsorption in Wastewater	As heavy metal water pollution becomes an increasing problem, there is a growing need for innovative solutions in wastewater treatment. A potential solution is using chitosan, a derivative of shellfish exoskeletons, as an alternative adsorbent material to activated carbon. Chitosan polymers have shown great promise in their ability to remove heavy metals from wastewater
687	Chemical	IEFA: Indigenous Ev Infrastructure Feasibility Analysis	This project addresses the obstacles Indigenous communities face when considering EV charging as both a revenue source and a means of reducing greenhouse gas emissions. While Indigenous groups in BC recognize the importance of EV infrastructure for achieving net-zero objectives, they lack the knowledge and expertise on where to begin with project planning. Our solution offers a user-friendly preliminary feasibility analysis tool to kickstart their planning process. Using the Musqueam Band as a case study, we provided tailored recommendations for installing paid EV chargers at their golf course, showcasing the application of our tool.
688	Chemical	Optimized Hydroponics for Sustainable Agriculture	Traditional farming practices cannot sustain increasing populations. Hydroponics cultivation systems use 90% less water and 20% less land space than traditional farming. Additionally, intercropping vegetables with soybeans is mutually beneficial for both plants because legumes naturally facilitate nitrogen fixation, meaning soybeans naturally release nitrogen into the surrounding growth medium. This project aims to increase overall agricultural sustainability by intercropping soybean and tomato plants in a hydroponic environment. Growing conditions are optimized using mechanistic growth and nutrient uptake models to maximize system profits
689	Chemical	Recovering Waste Heat from Nuclear Power Plant Cooling Water	Nuclear power plants generate vast amounts of low-carbon electricity, however an even greater amount of energy leaves the plant as waste heat in the water returned to the environment. Our project aims to utilize this abundant low-grade heat to reduce the usage of natural gas to heat water and homes. We detail the technical design and economic feasibility of a residential district heating system, and potential applications to the chemical industry are also explored.
690	Chemical	Improving Direct Reduction of Iron (DRI) Through Renewable Carbon Systems	As the ironmaking industry shifts towards a hydrogen-based economy facilitated by the direct reduced iron (DRI) using electric arc furnace (EAF) route, the importance of optimizing carbon content and energy consumption becomes increasingly evident. Our project focuses on optimizing this process to reduce carbon emissions by implementing a solid oxide electrolyzer cell (SOEC) into the process which converts the CO2 byproduct back into useful fuel for the furnace
691	Chemical	Solar Technology Integration into a Canadian Household	To reduce carbon emissions contributing to climate change, many Canadian homeowners are incorporating renewable energy sources into their homes as an alternative to fossil fuels. The objective is to perform a feasibility study on the integration of emerging solar technologies on a typical Canadian household for a family of four. The solution will include calculations for solar power generation, battery sizing, cost analysis and emission reduction.
692	Chemical	Shielding Materials for Reducing Occupational Radiation Dose in Nuclear Energy Plants	CANDU (Canadian Uranium Deuterium) reactors emit gamma radiation at significantly higher levels, 38%, than other reactor types. Worker radiation dose is of utmost importance and should be kept minimal where achievable. Novel methods of reducing dose are through lightweight radiation shielding materials, specifically metal-embedded polymers. This capstone project aims to create a novel gamma radiation shielding polymer compound optimized for density and shielding properties. The goal was to fabricate a lead-free alternative for radiation shielding that can mitigate hotspot radiation or be integrated into PPE
693	Chemical	Utilization of Microbial Fuel Cells for Treating Food Industry Wastewater Effluents	Many industrial effluents are released untreated into the environment causing eutrophication and other issues in Canadian water sources. The aim of our project was to treat these process streams before release to reduce the environmental impact of harmful nutrients such as glucose and nitrogen on aquatic ecosystems. Our solution consists of implementing a self-sustaining microbial fuel cell for food industry outlets to treat the wastewater to provide an energy efficient treatment system for industrial wastewater
694	Chemical	Design of a Hybrid Aluminum-air/Lithium-ion Battery Pack for an Electric Vehicle	The objective of this project is to design a hybrid battery pack consisting of lithium-ion cells and a non-rechargeable aluminum-air range extender, which will be used to power a battery electric vehicle. This design uses Panasonic and AlumaPower cells, and will ultimately fit within and operate a Chrysler Pacifica Minivan. The design must power the powertrain and auxiliaries, as well as meet thermal requirements.
695	Chemical	Improving the Battery Efficiency in Pacemakers	This project explores the application of Lithium-Sulfur (Li-S) battery technology in pacemakers, aiming to enhance battery efficiency and lifespan over traditional Lithium-Iodine cells. This involves performing literature review, fabrication, laboratory tests, and computational modelling to validate Li-S batteries' performance and safety. We aim to contribute to the evolution of cardiac medical devices, fostering advancements that enhance patient outcomes, reduce healthcare burdens, and pave the way for the next generation of implantable medical technologies.
696	Architectural	Opacity	Opacity Group is completing an adaptive reuse of the Marsland Centre at 20 Erb St W, Waterloo, through an office- to-residential conversion of the existing 13-storey Marsland Centre office. Along with the conversion, we are designing a new 6-storey BMO flagship office on the north end of the site, replacing a current on grade parking lot that measures around 70% of the site. The remaining site will be relandscaped with greenery and pedestrian use space. Our project prioritizes sustainability through low carbon design and operational efficiency.
697	Architectural	Canadian Horticulture Incorporated	Marineland is an aquatic-themed amusement park located in Niagara Falls, Ontario, which has developed an infamous reputation due to the mistreatment of its animals. As the park is currently up for sale, this project proposes a new redevelopment on the Marineland site which would repurpose Marineland's outdoor pools to create an aquaponic farming facility. This design strives to provide a sustainable source of food in the Niagara Region by reusing the existing infrastructure, while additionally providing an integrated educational experience to tourists and the surrounding community
698	Architectural	F.E.N. Consultants	F.E.N. Consultants are designing an adaptive re-use of the old Rumpel Felt factory building in downtown Kitchener with the goal of turning it into a mixed-use residential building with on-site net-zero operational energy. The three- storey building will feature a ground floor with 5+ commercial spaces and two upper floors of residential apartments featuring rooms of various sizes and occupancies. This ambitious energy retrofit project will also feature a complete rebuild and redesign of the building's simple brick facade
699	Architectural	NATA Consultants	In a city with plummeting residential and growing commercial vacancy rates, the Purdyâ€™s Wharf towers are in a unique position to keep most of their current commercial tenants while also providing the city of Halifax with new residential units. Utilizing a salt-water fire-protection system, high-performance BIPV facades, efficient HVAC systems, and interior renovations, this project focuses on the adaptive reuse of these iconic buildings while also allowing for a deep energy retrofit to significantly improve the buildings' operational performance.
700	Architectural	Exquisite Engineers	Engineering 8 is a proposed building on the main Waterloo campus for the Architecture and Architectural Engineering (AE) programs. The rapid growth of the architecture and AE programs introduced a growing need for additional space in the coming years. This building aims to facilitate collaboration between the two programs, enhance interaction with other campus faculties, and provide adequate facilities for both undergraduate and graduate classes. The design prioritizes compliance with building codes and seeks to achieve net-zero energy emissions through sustainable materials and systems
701	Architectural	 eXperimental Jardin Project (XJP)	Shanghai's food security is threatened by urbanization, fertilizer overuse, and depleted fertile land, reducing farmland and impacting food production. Team XJP introduces SEEDONE: a 4-story vertical farming facility with a ground-floor market. Through innovative design considerations like advanced architecture, passive strategies, and circular economy principles; SEEDONE integrates hydroponics, aquaponics, and mushroom cultivation to optimize space, minimize waste, and promote sustainable food production. The building presents an engineered facility not only to maximize food production but also to be energy-efficient through mechanical and energy offsets with passive strategies.
702	Architectural	MCG	Embarking on an affordable housing initiative, MCG proudly presents a transformative 8-storey mixed-use residential building. Our innovative design, focused on achieving net-zero goals and utilizing mass timber for swift construction, offers a repeatable solution to the affordable housing crisis. With efficiency in mind, our pre-approved design promises to streamline processes, eliminate red tape, and enable immediate construction upon securing essential land approvals. Join us in addressing the housing challenge, as we present this forward-thinking project to the Government of Canada
703	Architectural	Livlina Group	Lincoln Fabrics Adaptive Reuse, located at 63 Lakeport Rd., St. Catharines, addresses the growing need for affordable retirement living in Ontario in a new and creative way. Incorporating concepts from intergenerational and multigenerational living, this project focuses on how to provide affordable housing for seniors while keeping them connected to the community, their families, and multiple different generations.
704	Architectural	Sean Co.	In 2022, the Government of Ontario proposed to continue expanding limits of development into the Greenbelt to address the current housing crisis, furthering the issue of urban sprawl. This has since been rescinded, but housing is still needed. Intensification can be a solution. Sean Co. is proposing a community redevelopment for an underutilized property in Kitchener, Ontario, to act as a standard for future building design. Their project is guided by intensification, developing a sense of community, and energy and carbon efficiency.
705	Architectural	SWYM Consultants Ltd.	The University of Waterloo's School of Architecture is a satellite campus in Cambridge, Ontario. Unlike the main campus in Waterloo, the School of Architecture lacks designated student residences. SWYM Consultants Ltd. has been tasked to design a multi-purpose student residence. The objective of the construction is to create dedicated student housing for students, while also making a community-oriented, sustainable and adaptable building
706	Architectural	 Accommod8 Us	Located in the Mississauga metropolitan area, Ageless Acres consists of a senior friendly neighborhood with a community centre at its core. By providing an area for the seniors to actively engage with the rest of the community members, the community centre plays a crucial role in the process of successfully integrating the seniors into the community. With systems engineered based on the ASHRAE and Rick Hanson Accessibility Standards, the community centre is energy efficient, accessible to the populace, and promotes health and safety
707	Architectural	Home Field Advantage	The FIFA World Cup occurs every four years, bringing with it newly designed stadiums that impress the world; unfortunately, these stadiums often go unused after the event ends. Home Field Advantage aims to solve this problem by designing AdaptArena, a new stadium for the 2030 World Cup in Morocco that will be converted into housing immediately after the 28-day event. The team accomplishes this goal by using strategies that allow for architectural and structural features to be reused for both building occupancies
708	Architectural	ArchitUX	In response to Canada's growing immigrant population and the overwhelming process of starting a new life, there is a demand for support services and affordable housing, especially in populated regions like the Greater Toronto Area. ArchitEX presents the Shingwauk Cultural Community Centre - the first building of its kind in Ontario. Combining administrative, educational and social services with short-term housing, the result is a vibrant cultural hub to unite people from across the globe and empower them in their journey as new Canadians
709	Architectural	NWK Consulting	The Stirling Avenue Mennonite Church community is looking into creating affordable housing to help the Waterloo region's housing crisis. NWK Consulting is proposing that a Net-Zero Energy, 6-storey mixed-use building containing affordable and accessible housing, as well as community building retail space be built on the Church's site. The project is guided by principles of economy and sustainability to design high-performing structural, mechanical, and building enclosure systems.
710	Architectural	DesignED Studios	8,190 - the number of hours the average child spends in school by the fifth grade. In this time, children are shaped by their teachers, experiences, and the facilities they learn in. Through the redevelopment of Secord Elementary School located in Scarborough, Ontario, DesignED Studios is striving to develop a facility that inspires the generations of tomorrow while maintaining high-performance building standards. Through the integration of net- zero operational energy goals, daylighting, IAQ, and biophilia, DesignED Studios aims to set a precedent for modern school design in Toronto
711	Architectural	Urban Pathways	Urban Crossings aims to redevelop the University of Waterloo's East Campus. The 15.4-acre site consists of five former BlackBerry buildings. The goal is to convert the under-utilized site into a modern and highly sustainable development that will promote new economic opportunities for UW's growing population with the retrofit of EC-5 and new construction of two buildings. The project will offer new programming for student and staff facilities. The project emphasizes building envelopes, energy and mechanical analysis, planning, architecture, and the project's feasibility of structural systems
712	Architectural	RHVN Group	Northern Ontario is home to 25 remote First Nations communities. Many of them are experiencing a housing crisis. Cat Lake First Nation is calling for the reconstruction of 80 reserve homes, and has been in a state of emergency since 2019. Homes are deteriorating, and the occupants are becoming ill and dying due to mold and bacterial growth. RHVN Design Group is proposing a flat-pack modular incremental housing solution. This design prioritizes comfort, durability, and community involvement, and allows for incremental additions as communities grow.
713	Architectural	TransPort 41	The Jack Layton Ferry terminal is a landmark quintessential to the historical background of Toronto, serving as a crucial transportation hub between the downtown urban core and the Toronto Islands. The current building has reached its maximum capacity and presents several issues - poor circulation, direct outdoor exposure, no seating, and poor accessibility. TransPort 41 proposes a redesign of the Terminal, aiming to unlock the terminal full economic potential, while increasing its capacity in response to the expected doubling in ridership as Toronto's population continues to grow.
714	Architectural	VIP Consultants Ltd	Northern Waterloo is lacking in developing community spaces to encourage social growth and healthy living for the densely populated area. This project aims to improve this issue through the development of an inclusive community centre with various programs and facilities. In addition to benefiting the community, this project will also support the City of Waterlooâ€™s mission in transitioning to low-embodied carbon infrastructure
715	Civil	 Lancaster Consultants	The 4th Avenue crossing over Sixteen Mile Creek in Lincoln, Ontario, is experiencing severe roadway deterioration. Lancaster Consultants introduced a three-pronged design approach to sustainable rehabilitation of the roadway and mitigation of future deterioration. This design consists of a retaining wall along the roadway to prevent further deterioration, a comprehensive roadway redesign and traffic modelling, and the introduction of an innovative photovoltaic energy-generating pavement surface that will power LED road lines and prevent snow and ice accumulation
716	Civil	Flight Consulting	Highway 17 is facing the challenge of low-bearing capacity soil in its pavement subgrade, posing a risk of collapse. Flight Consulting is addressing this issue by leading a project exploring innovative pavement and geotechnical design solutions. The pavement team employs Lightweight Concrete (LWC) as the base layer, while the geotechnical team incorporates Expanded Polystyrene (EPS) in the lower section to enhance strength. This comprehensive design targets efficient traffic load distribution, improved strength, and cost reduction
717	Civil	Involved Design	Involved Designs proposes an alternative solution for affordable housing to assist the growing homeless population in the region. Envolved Designs plans to structurally retrofit an existing structure to provide long-term housing for individuals and small families. The design intention is to provide a proof of concept for converting industrial building use to residential building use. The retrofitted design will incorporate solutions such that the completed project would be more cost-effective, require fewer materials, and optimize living space for residents by integrating loft-style apartments.
718	Civil	Resilient Homes Ltd	The province of British Columbia, Canada, is well known for its frequent seismic activity. With over 2,500 recorded earthquakes annually, particularly in the coastal cities, the need for earthquake-resistant housing solutions is critical. Recognizing urgent needs of the impacted individuals and that traditional construction method may be insufficient and time consuming, Resilient Homes Ltd ensures seamless integration of the modular construction techniques with the primary focus on achieving fast deployments, easy removal, cost-effectiveness, structural performance, structural integrity, sustainability, and recyclability.
719	Civil	JEV-C Co.	With a steadily growing population in the Waterloo region, the availability of affordable housing has become increasingly scarce over time. In efforts to combat the housing crisis, JEV-C Co. creates a cost effective solution through the innovative structural design of a mid-rise mass timber apartment that incorporates prefabricated, modular construction for low-income residents. The design will comply with building code and provide a functional and comfortable building enclosure
720	Civil	Insights Consulting Group	In response to the energy gap that Ontario will face in the coming years, Insights Consulting Group (ICG) has worked with Ontario Power Generation (OPG) to harness untapped power. Recognizing that OPG owns a plethora of control dams which do not produce power, ICG has identified the Bark Lake Dam suitable for hydroelectric retrofit and completed a design to convert the control dam into a hydroelectric generating station. The innovative design will pave the way for future dam retrofit projects, helping close Ontario's energy gap
721	Civil	MODE Inc.	Many structures built for large non-recurring sporting events have no use at the end of the occasion, contributing to mass construction and material waste. As a result, MODE Inc. has adopted the method of Design for Deconstruction to create a Fan Village for patrons attending the 2026 World Cup in Toronto. Using prefabricated members and deconstructable connections, the structures will be composed of modular units that can be reused after the event. The structures will then be reconstructed for affordable housing elsewhere in the city
722	Civil	Unfolded Solutions	The Canadian Red Cross is experiencing challenges while deploying post-hurricane medical support to communities in the Caribbean. The tents currently in use are vulnerable to the environment and offer limited space to perform lifesaving procedures. To address these concerns, Unfolded Solutions is developing fully enclosed, modular medical structures that are durable enough to withstand a Category 1 hurricane. These units will be lightweight and collapsible to facilitate rapid deployment, with a focus on layout customization and energy independence.
723	Civil	Blitz Build Construction	Despite the constant earthquakes that Turkey experiences due to being in an active earthquake zone, there is no permanent post-disaster housing solution in place. Blitz Build Construction aims to design and construct a two- storey temporary quick-build housing complex for use in post-earthquake Turkey. We aim to design self-sustainable modular housing units using timber that will be resistant to aftershocks, reduce construction times, and provide a clean environment for temporarily displaced people
724	Civil	PIPEDREAM CONSULTANTS	During University of Waterloo construction, a stream running through campus was routed into a 1650 mm concrete storm sewer. A lack of quantity and quality treatment provided by the storm sewer system has decreased the water quality flowing into the receiving waterways, such as Laurel Creek. The proposed stream daylighting will increase the water quality, introduce floodplain management on campus and in downstream tributaries, and provide greater climate change preparedness to help UW achieve its 2025 Environmental Sustainability Strategy goals.
725	Civil	 Always Two-Tired	The City of Waterloo's engagement program identified that 78% of participants are concerned about the current state of bike paths/lanes/trails, followed by 60% on safety. To encourage active transportation modes and micro mobility users, the City intends to improve existing infrastructure to encourage the use of e-scooters, skateboards, and rollerblades along with cyclists. Always Two-Tired is proposing the use of an elevated trail to provide grade separation for micro mobility users along Columbia Street West where a high number of collisions occur
726	Civil	TERR Associates	The intensity of forest fires around Williams Lake B.C. has increased due to climate change, and the need for appropriate resilience measures is now more crucial than ever. TERR Associates presents their design of a natural disaster relief shelter using a sustainable approach. This project aims to provide rapidly deployable temporary housing for displaced residents after a natural disaster. Through innovative design and conscientious construction, this initiative addresses critical disaster recovery.
727	Civil	Exigent Shelters Ltd.	Major Hurricanes on North America's east and gulf coasts have always resulted in irreversible damage to residential properties, leaving millions without a place to stay. Exigent Shelters Limited proposes a safe, reusable, and transportable solution through the application of a post-disaster unit that incorporates efficient construction methods, exceptional structural integrity, and comfortable living spaces accessible to individuals who have been displaced following a hurricane
728	Civil	JAYA Consulting	Based on traffic flow analysis and anecdotal reports, the Lower Jarvis Street and Lakeshore West intersection needs a redesign to provide the best experience for pedestrians and drivers alike. JAYA Consulting aims to solve many of these problems using their Civil Engineering knowledge.
729	Civil	 The Jeddies	Students in Waterloo are facing rising housing cost, and a general concern with global warming is ever present. The Jeddies presents a solution to alleviate the housing shortages in a manner that considers the environmental impact of the project. The team seeks to create a structural system for a new student housing complex minimizing embodied carbon by considering materials used, mainly utilizing mass timber in the process.
730	Civil	Modern Corridor Solutions (MCS) Group	The Hespeler Road corridor is a major transportation artery and commercial corridor in the City of Cambridge. With plans for added population density and commercial spaces on Hespeler Road and the extension of the ION LRT, MCS seeks to conduct a 'complete streets transformation', creating a safe, vibrant, and environmentally sustainable space for commuters and residents, alike. The proposed design emphasizes active modes and transit access, and utilizes innovative approaches to managing vehicle traffic and stormwater.
731	Civil	Vanilla Consulting Ltd	Hespeler Road in the City of Cambridge is a major transportation corridor in the Region of Waterloo. With the extension of the ION LRT towards downtown Cambridge along Hespeler Road, Vanilla Consulting Ltd. has been retained by the Region to study the corridor and design an LRT infrastructure solution that will improve a traffic flow compared to the preliminary design.
732	Civil	ParkInnovate Solutions	The City of Greater Sudbury is committed to revitalizing the downtown core. This project resolves the limited parking issues while also fostering economic growth. It entails a new multilevel parking structure with a green roof and conditioned spaces for retail, while integrating sustainable development principles such as the use of Fibre Reinforced Polymer. Strategically situated across from the Sudbury Community Arena, ParkInnovate anticipates this facility serving the city and its residents for years to come
733	Civil	ReNu Soil Inc	ReNu Soil Inc. has developed a remediation and support of excavation design for a site in downtown Toronto that has previously been occupied by a gas station. ReNu Soil Inc. uses a combination of innovative solutions which include a soil remediation plan using activated carbon and a support of excavation/permanent foundation wall using a diaphragm wall. ReNu Soil Inc. takes pride in having combined these efforts to achieve a development-ready site, while exceeding current industry standards regarding cost, quantities, environmental impacts, and efficiency
734	Civil	Microhomes Consulting Ltd	In recent years, the cost of rent and ownership of houses in Waterloo have increased exponentially due to lack of supply. In response to Waterloo's housing shortage, Microhomes Consulting Limited (MHC) proposes Additional Dwelling Units (ADU) as an innovative and practical solution. These units are small modular structures that can be assembled onto existing properties. With extensive research informing our design, considering strength, cost, and environmental impact, MHC aims to provide a cost effective, structurally sound design that also limits the ADUs global warming potential.
735	Civil	Shazam Consulting	SHAZAM Consulting is addressing the urgent need for earthquake-resistant housing in rural Haiti's Department of Sud. The design will implement limestone concrete reinforced with bamboo rebar; an approach aimed at enhancing the seismic resilience of rural houses. By integrating locally sourced materials and traditional building techniques with modern engineering codes, SHAZAM Consulting aims to empower communities to withstand future seismic events while promoting environmental sustainability and economic resilience
736	Civil	Lightyear Consulting	Stage 2 of the ION LRT has a route that requires it crossing over several rivers and roads. One challenging location is the crossing over Speed River as at this location the elevated guideway must have a curved span. Lightyear Consulting has come up with a tubular truss bridge design that incorporates cost effectiveness, durability, and impact to environment and public to create a guideway for years to come
737	Civil	BEAVer Boys	In North York, a particular section of Yonge Street between Finch and Steeles Avenue currently experiences heavy traffic congestion. Despite being an urban core of the city, the area heavily relies on cars as the main mode of transportation. Our firm, BEAVer Boys, is looking to improve traffic safety, accessibility, and connectivity issues for all users in the network. The design of a new right-of-way with infrastructure more inclusive of multi-modal transportation aims to improve the existing conditions.
738	Civil	StormWater Solutions	The design and testing of a system that harnesses energy unutilized stormwater potential. This system will convert stormwater runoff into usable electricity, contributing to the goal of reducing fossil fuel consumption. This project aims to improve existing infrastructure at a cost effective and efficient way
739	Environmental	 Floatovoltaic Pioneers	Our evaluation demonstrates the feasibility, energy generation potential, and innovative edge of developing Floating Photovoltaic Systems (FPVs) in Ontario. The study establishes a design that is resilient to winter conditions, maintains a competitive levelized cost of electricity, and meets social and physical geographic constraints. Results identify feasible host water bodies and their associated electricity generation potential. We demonstrate that FPV can make significant contributions to Ontario's 2050 clean electricity growth plans, minimize PV land demand, and deliver other ecological and social benefits - exemplifying sustainable development.
740	Environmental	Cloud Catchers	Cloud Catchers addresses the issue of potable water access in remote regions of Nepal through fog water harvesting. Recognizing the need for a sustainable and independent household solution that is not reliant on energy-intensive processes, the Cloud Catchers are on a mission to passively harvest water from fog. Drawing inspiration from nature's mechanisms, the team aims to design a cutting-edge biomimicry solution that utilizes the fog harvesting abilities of local organisms to capture drinking water.
741	Environmental	KREM Engineering	The current annual GHG emissions from the Waterloo Wastewater Treatment Plant (WWTP) are approximately 4000 tonnes of CO2 equivalent. KREM Engineering has taken on the task of reducing the GHG emissions and guiding the WWTP in achieving carbon neutrality by using a Stage A and anammox and partial nitritation system. Its cost-effectiveness and ability to reduce oxygen requirements, thus lowering energy consumption and increasing biogas generation, proves effective for the Waterloo WWTP, ultimately reducing its GHG emissions and aid in achieving carbon neutrality
742	Environmental	MLS3 Consulting	The TRCA has identified a failing erosion control structure along the East Humber River that threatens the William Granger Greenway Trail in Kleinburg, Ontario. If left unaddressed, the failing armour stone structure will continue to pose a risk to the public's safety and enjoyment, the TRCA's infrastructure, and endangered fish habitat. MLS3 Consulting is proposing a naturalized engineering approach to mitigate continued erosion along this channel reach through its realignment, while promoting the enhancement of aquatic habitat connectivity and complexity.
743	Environmental	ADI Solutions	The Parkhill Dam in Cambridge is a low-head weir originally built to sustain the connected mill. The existing concrete dam was built in 1913 and is now 111 years old, prompting consideration for redevelopment of the area to reduce failure risk and enhance public utility. The proposed solution involves installing boulders downstream to create a backwater condition with whitewater recreation features, improving the fish passage, and considering the business case for hydroelectric power generation with the new hydraulic profile.
744	Environmental	Wildfire Warriors	The severity and frequency of wildfires in British Columbia have increased dramatically, putting communities within the province at heightened risk. To address this, our team Wildfire Warriors is creating a tool that will assess a property's fire risk level, propose a series of fire mitigation measures and determine the environmental, economic and social impacts of those measures. This helps to make fire safety more accessible to homeowners as it educates them on the benefit of fire mitigation measures and improves the ease of implementation
745	Environmental	Steele Horse Consulting	Canadian Pacific (CP) railway passes above the Wild Horse River, located in eastern British Columbia. Anthropogenic activities in the watershed have resulted in excessive bed material supply to the watercourse. In- channel dredging is required to maintain flood conveyance through the bridge openings but causes fish stranding during low-flow periods. Steele Horse Consulting proposes a naturalized channel design, increasing the stream velocity to enhance sediment transport. This design includes sediment detention ponds to capture excess bed material and rearing ponds to provide habitat diversity and refugia
746	Environmental	Climate Solutions Inc	The compound disturbances resulting from wildfires and exacerbated by climate change in Fort McMurray, Alberta, are increasing the frequency and severity of algal blooms in the municipality's raw water storage reservoir. This poses challenges to the reliable provision of safe drinking water. In response, Climate Solutions Inc. aims to implement a proactive and climate-resilient strategy to manage algae blooms and increase the storage capacity of the reservoir to avoid water intake during perturbations
747	Environmental	Leventec	The Schneider and Shoemaker creeks in Kitchener, Ontario are currently lined with concrete, including where they intersect. With these creeks being built in the 1970s, the risk of them overflowing during heavy storm events has increased and the presence of concrete and urbanization has diminished the area's biodiversity. Leventec proposes replacing some of the concrete of the channel with rougher and more natural materials to revitalize the area while simultaneously widening it on one side so that it can maintain higher water flows during storms
748	Environmental	 Greenbrier Remediation Group	The Greenbrier Remediation Group (GRG) is developing an innovative solution involving biological and chemical processes to lower concentrations of inorganic and organic contaminants stemming from the operation of the Bullmoose Gold Mine from 1939 to 1988. GRG's aim is to create a state-of-the-art remediation design to lower the concentrations to acceptable limits. The innovative remediation design will be transferable to various environmentally contaminated sites such that if future work arises, GRG's designs will be will applicable to the project needs and client goals.
749	Environmental	WattWarriors Consulting	In collaboration with Toyota Motor Manufacturing Canada (TMMC), WattWarriors Consulting aims to utilize the high concentrations of VOCs exhausted from the company Paint Shop as a fuel source for power generation and heating. This complies with Toyota's goals to reduce natural gas consumption, improve energy recovery, and strive for carbon neutrality by 2050. The project involves the designing, budgeting, and scoping of the integration of a micro-gas turbine (MGT) system within the TMMC Woodstock Plant.
750	Environmental	 AquaTerra Solutions	Could Land-based Recirculating Aquaculture Systems (RAS) be the future to provide sustainable seafood and bolster food security in a changing climate? AquaTerra will explore this through their biofilter design, and fish raceway laminar flow innovations in a local cold-water RAS Rainbow Trout hatchery. AquaTerra mission is to improve the economic feasibility of their client's hatchery through reducing energy and water consumption while keeping the water clean and fishy.
751	Geological	GG Consulting	Debris floods pose a major risk to Jura Creek, Alberta. GG Consulting has been tasked with assessing risk and constructing a mitigation design for a proposed a community development within the Jura Creek alluvial fan given the need for housing in the area. Following the 2013 debris flood, GG Consulting has assessed the frequency and magnitude relationship to design accordingly. Several design alternatives were assessed and implemented accordingly to create a safe and sustainable community for future Jura Creek residents
752	Geological	MDZ Geostructural	MDZ Geostructural champions sustainable engineering by restoring, not demolishing, structures with compromised foundations. In the process of securing these structures, we explore the potential of enhancing Ontario's green energy landscape. Our innovative approach to foundation repair opens up the opportunity to integrate geothermal loop technology within the pile installation. This not only focuses on preserving the structural integrity of buildings but also opens the possibility of utilizing eco-friendly energy for heating and cooling, aligning with environmental sustainability as a valuable secondary benefit.
753	Geological	JE Consulting	The Mira Mine is expanding the existing pit towards the North Slope Pit Wall Extension. JE Consulting was retained to develop the geotechnical pit slope with consideration to geotechnical and geological characteristics of the mine. Geological features, groundwater effects on slope stability are aspects of the slope stability analysis. Bench design, dewatering features, and other risk mitigation measures are investigated, and applied to the final design. The final product is a mine slope that fulfills all the safety requirements of the mine design